{"type":"FeatureCollection","features":[{"type":"Feature","properties":{"name":"Дніпропетровська область","name:en":"Dnipropetrovsk Oblast","iso3166-2":"UA-12"},"geometry":{"type":"Polygon","coordinates":[[[34.983917236328125,49.1636962890625],[35.018402099609375,49.159698486328125],[35.031585693359375,49.161834716796875],[35.035919189453125,49.1634521484375],[35.041351318359375,49.1634521484375],[35.047698974609375,49.161895751953125],[35.0570068359375,49.15692138671875],[35.06427001953125,49.15435791015625],[35.074554443359375,49.153717041015625],[35.09735107421875,49.15673828125],[35.103240966796875,49.1566162109375],[35.12841796875,49.153717041015625],[35.147796630859375,49.153411865234375],[35.152740478515625,49.15240478515625],[35.1697998046875,49.147216796875],[35.1988525390625,49.133575439453125],[35.20660400390625,49.128448486328125],[35.211395263671875,49.124053955078125],[35.213897705078125,49.117401123046875],[35.215606689453125,49.1142578125],[35.218994140625,49.1114501953125],[35.2841796875,49.076995849609375],[35.29052734375,49.0711669921875],[35.293975830078125,49.0662841796875],[35.298004150390625,49.0626220703125],[35.325286865234375,49.050262451171875],[35.33026123046875,49.04705810546875],[35.34783935546875,49.03131103515625],[35.361328125,49.022003173828125],[35.420440673828125,49.00018310546875],[35.43609619140625,48.99114990234375],[35.456390380859375,48.976593017578125],[35.46246337890625,48.974884033203125],[35.470245361328125,48.9737548828125],[35.4832763671875,48.974212646484375],[35.503753662109375,48.976776123046875],[35.508697509765625,48.97686767578125],[35.55975341796875,48.971588134765625],[35.565032958984375,48.972198486328125],[35.56951904296875,48.97357177734375],[35.57354736328125,48.97540283203125],[35.579193115234375,48.975799560546875],[35.58599853515625,48.9747314453125],[35.603057861328125,48.965484619140625],[35.60772705078125,48.962158203125],[35.612518310546875,48.959991455078125],[35.619171142578125,48.95867919921875],[35.649017333984375,48.95941162109375],[35.655670166015625,48.95819091796875],[35.662811279296875,48.95574951171875],[35.672088623046875,48.950439453125],[35.679229736328125,48.947967529296875],[35.688690185546875,48.9481201171875],[35.694183349609375,48.949798583984375],[35.703155517578125,48.95367431640625],[35.7110595703125,48.953582763671875],[35.7528076171875,48.945465087890625],[35.772979736328125,48.93939208984375],[35.783660888671875,48.93450927734375],[35.79437255859375,48.9342041015625],[35.800628662109375,48.935150146484375],[35.805572509765625,48.937103271484375],[35.8094482421875,48.939056396484375],[35.818603515625,48.94171142578125],[35.82403564453125,48.942169189453125],[35.833648681640625,48.9442138671875],[35.837982177734375,48.945770263671875],[35.8536376953125,48.953582763671875],[35.870758056640625,48.96014404296875],[35.91839599609375,48.971038818359375],[35.930633544921875,48.97637939453125],[35.93963623046875,48.97454833984375],[35.952484130859375,48.96868896484375],[35.97967529296875,48.951995849609375],[35.988677978515625,48.9437255859375],[35.99285888671875,48.93682861328125],[35.992095947265625,48.932861328125],[35.99176025390625,48.928955078125],[35.9931640625,48.92572021484375],[35.999847412109375,48.91876220703125],[36.017822265625,48.905364990234375],[36.020599365234375,48.90289306640625],[36.022003173828125,48.900115966796875],[36.020599365234375,48.897064208984375],[36.0184326171875,48.89385986328125],[36.006805419921875,48.8814697265625],[36.0035400390625,48.878753662109375],[35.999847412109375,48.876495361328125],[35.9742431640625,48.86712646484375],[35.966827392578125,48.86279296875],[35.963348388671875,48.860321044921875],[35.961029052734375,48.85748291015625],[35.961944580078125,48.854888916015625],[35.9669189453125,48.85308837890625],[36.00030517578125,48.8543701171875],[36.0052490234375,48.8533935546875],[36.0120849609375,48.850860595703125],[36.029327392578125,48.840972900390625],[36.037261962890625,48.837738037109375],[36.063751220703125,48.832305908203125],[36.0721435546875,48.8291015625],[36.07537841796875,48.82373046875],[36.0750732421875,48.819549560546875],[36.079254150390625,48.81451416015625],[36.088470458984375,48.80975341796875],[36.11016845703125,48.80145263671875],[36.119476318359375,48.7967529296875],[36.1253662109375,48.7926025390625],[36.131103515625,48.783599853515625],[36.1368408203125,48.77984619140625],[36.1636962890625,48.767242431640625],[36.169281005859375,48.761932373046875],[36.170684814453125,48.757720947265625],[36.168365478515625,48.755096435546875],[36.166168212890625,48.753143310546875],[36.160919189453125,48.749267578125],[36.1407470703125,48.7403564453125],[36.137359619140625,48.7376708984375],[36.134857177734375,48.734283447265625],[36.13262939453125,48.73065185546875],[36.131866455078125,48.72686767578125],[36.1328125,48.723663330078125],[36.13775634765625,48.72052001953125],[36.17547607421875,48.703125],[36.19940185546875,48.686187744140625],[36.27093505859375,48.647003173828125],[36.2833251953125,48.63690185546875],[36.28564453125,48.63409423828125],[36.286895751953125,48.631134033203125],[36.285797119140625,48.627685546875],[36.283782958984375,48.624237060546875],[36.2701416015625,48.6080322265625],[36.267974853515625,48.6046142578125],[36.266754150390625,48.60107421875],[36.26751708984375,48.597808837890625],[36.2701416015625,48.59521484375],[36.2861328125,48.586578369140625],[36.3038330078125,48.574737548828125],[36.306427001953125,48.572265625],[36.30755615234375,48.56988525390625],[36.305816650390625,48.5672607421875],[36.30322265625,48.5645751953125],[36.276519775390625,48.54388427734375],[36.274017333984375,48.541015625],[36.272796630859375,48.5380859375],[36.274169921875,48.535430908203125],[36.284271240234375,48.528228759765625],[36.28875732421875,48.527008056640625],[36.294036865234375,48.527191162109375],[36.30230712890625,48.531707763671875],[36.311431884765625,48.538421630859375],[36.315155029296875,48.54052734375],[36.319671630859375,48.54150390625],[36.325714111328125,48.53997802734375],[36.33050537109375,48.5380859375],[36.338104248046875,48.533294677734375],[36.342132568359375,48.5313720703125],[36.349273681640625,48.531280517578125],[36.35809326171875,48.5338134765625],[36.374755859375,48.5416259765625],[36.37799072265625,48.545806884765625],[36.377227783203125,48.549072265625],[36.368865966796875,48.55316162109375],[36.365447998046875,48.55548095703125],[36.364501953125,48.558441162109375],[36.36590576171875,48.56158447265625],[36.382354736328125,48.580535888671875],[36.4549560546875,48.638214111328125],[36.470977783203125,48.645843505859375],[36.4771728515625,48.6468505859375],[36.485382080078125,48.646820068359375],[36.5013427734375,48.642852783203125],[36.545745849609375,48.62646484375],[36.5614013671875,48.617767333984375],[36.5665283203125,48.613677978515625],[36.5728759765625,48.607147216796875],[36.576141357421875,48.6046142578125],[36.583404541015625,48.6026611328125],[36.594940185546875,48.601531982421875],[36.631072998046875,48.60333251953125],[36.6409912109375,48.60601806640625],[36.648956298828125,48.61236572265625],[36.667236328125,48.620941162109375],[36.725433349609375,48.62591552734375],[36.728668212890625,48.616455078125],[36.72930908203125,48.61322021484375],[36.730377197265625,48.609161376953125],[36.732086181640625,48.606048583984375],[36.734405517578125,48.603424072265625],[36.73828125,48.6015625],[36.743255615234375,48.601104736328125],[36.77850341796875,48.6055908203125],[36.783294677734375,48.60528564453125],[36.78717041015625,48.60369873046875],[36.78997802734375,48.6011962890625],[36.79058837890625,48.598052978515625],[36.789825439453125,48.59503173828125],[36.78515625,48.59222412109375],[36.7764892578125,48.588134765625],[36.7730712890625,48.585662841796875],[36.76251220703125,48.571807861328125],[36.757720947265625,48.569305419921875],[36.75323486328125,48.567352294921875],[36.749298095703125,48.563934326171875],[36.74713134765625,48.55816650390625],[36.746673583984375,48.539154052734375],[36.747283935546875,48.5338134765625],[36.74853515625,48.5308837890625],[36.75115966796875,48.529205322265625],[36.755401611328125,48.529052734375],[36.786865234375,48.531402587890625],[36.791351318359375,48.53265380859375],[36.795074462890625,48.5347900390625],[36.797882080078125,48.5380859375],[36.800048828125,48.5421142578125],[36.80718994140625,48.5640869140625],[36.809539794921875,48.569061279296875],[36.814056396484375,48.5755615234375],[36.81915283203125,48.5782470703125],[36.824432373046875,48.57977294921875],[36.8681640625,48.5823974609375],[36.879058837890625,48.5811767578125],[36.883087158203125,48.57928466796875],[36.88555908203125,48.57666015625],[36.887420654296875,48.5736083984375],[36.888671875,48.570343017578125],[36.890533447265625,48.559722900390625],[36.89208984375,48.537841796875],[36.8909912109375,48.533966064453125],[36.888671875,48.5301513671875],[36.8818359375,48.52618408203125],[36.87115478515625,48.5223388671875],[36.857452392578125,48.51873779296875],[36.85418701171875,48.516510009765625],[36.8526611328125,48.513153076171875],[36.85498046875,48.50360107421875],[36.85638427734375,48.500274658203125],[36.857452392578125,48.4981689453125],[36.8583984375,48.495635986328125],[36.858551025390625,48.492645263671875],[36.856536865234375,48.48944091796875],[36.851409912109375,48.486572265625],[36.841796875,48.48297119140625],[36.838226318359375,48.480194091796875],[36.83544921875,48.476318359375],[36.834991455078125,48.445465087890625],[36.837921142578125,48.441741943359375],[36.84613037109375,48.43682861328125],[36.84722900390625,48.4339599609375],[36.842742919921875,48.429534912109375],[36.838226318359375,48.426788330078125],[36.81512451171875,48.419708251953125],[36.8114013671875,48.417144775390625],[36.808929443359375,48.413116455078125],[36.809234619140625,48.405181884765625],[36.8101806640625,48.40008544921875],[36.814666748046875,48.386383056640625],[36.819000244140625,48.357421875],[36.818389892578125,48.352447509765625],[36.812347412109375,48.330718994140625],[36.81182861328125,48.32568359375],[36.812652587890625,48.32220458984375],[36.814208984375,48.319000244140625],[36.8165283203125,48.316253662109375],[36.8199462890625,48.31439208984375],[36.8245849609375,48.3138427734375],[36.829071044921875,48.31475830078125],[36.837921142578125,48.3173828125],[36.84814453125,48.31878662109375],[36.85357666015625,48.31878662109375],[36.858551025390625,48.318267822265625],[36.862579345703125,48.316802978515625],[36.864959716796875,48.314239501953125],[36.866485595703125,48.311187744140625],[36.867523193359375,48.307952880859375],[36.86944580078125,48.305419921875],[36.873321533203125,48.30438232421875],[36.8961181640625,48.302001953125],[36.90106201171875,48.30029296875],[36.904022216796875,48.29766845703125],[36.90557861328125,48.29443359375],[36.906951904296875,48.28369140625],[36.908660888671875,48.276824951171875],[36.911468505859375,48.270477294921875],[36.913787841796875,48.2637939453125],[36.922515869140625,48.22503662109375],[36.922821044921875,48.222015380859375],[36.923553466796875,48.218841552734375],[36.924163818359375,48.215362548828125],[36.927001953125,48.205108642578125],[36.927154541015625,48.20147705078125],[36.9246826171875,48.19647216796875],[36.919525146484375,48.19049072265625],[36.90509033203125,48.180908203125],[36.896728515625,48.1768798828125],[36.88958740234375,48.174560546875],[36.8795166015625,48.173065185546875],[36.875335693359375,48.1707763671875],[36.871917724609375,48.16741943359375],[36.8697509765625,48.1610107421875],[36.869598388671875,48.15643310546875],[36.87005615234375,48.15228271484375],[36.876739501953125,48.12493896484375],[36.87921142578125,48.118438720703125],[36.889434814453125,48.099945068359375],[36.891448974609375,48.09320068359375],[36.893798828125,48.079071044921875],[36.893798828125,48.075286865234375],[36.893463134765625,48.07147216796875],[36.892547607421875,48.067535400390625],[36.8863525390625,48.06146240234375],[36.8760986328125,48.0538330078125],[36.85125732421875,48.03985595703125],[36.839019775390625,48.034454345703125],[36.82940673828125,48.0321044921875],[36.823822021484375,48.0330810546875],[36.788421630859375,48.04510498046875],[36.75054931640625,48.05255126953125],[36.745574951171875,48.0543212890625],[36.741546630859375,48.056427001953125],[36.738433837890625,48.05908203125],[36.7342529296875,48.068603515625],[36.731475830078125,48.0712890625],[36.728057861328125,48.0736083984375],[36.723724365234375,48.075592041015625],[36.665069580078125,48.088043212890625],[36.659637451171875,48.0882568359375],[36.65435791015625,48.087921142578125],[36.620208740234375,48.081817626953125],[36.6031494140625,48.082000732421875],[36.598052978515625,48.081390380859375],[36.5933837890625,48.080352783203125],[36.58905029296875,48.07891845703125],[36.58465576171875,48.076416015625],[36.58062744140625,48.07318115234375],[36.576904296875,48.0670166015625],[36.575042724609375,48.0582275390625],[36.571319580078125,47.99993896484375],[36.571929931640625,47.995513916015625],[36.57659912109375,47.982025146484375],[36.57659912109375,47.970703125],[36.581085205078125,47.9652099609375],[36.586212158203125,47.96234130859375],[36.604248046875,47.960479736328125],[36.609344482421875,47.9591064453125],[36.6134033203125,47.957000732421875],[36.616180419921875,47.954315185546875],[36.6180419921875,47.951324462890625],[36.61944580078125,47.9481201171875],[36.6260986328125,47.93572998046875],[36.632781982421875,47.927093505859375],[36.634002685546875,47.92425537109375],[36.63385009765625,47.921722412109375],[36.62890625,47.919647216796875],[36.6180419921875,47.918243408203125],[36.584564208984375,47.9180908203125],[36.578460693359375,47.917266845703125],[36.572418212890625,47.915679931640625],[36.5648193359375,47.911956787109375],[36.55828857421875,47.91070556640625],[36.541717529296875,47.910247802734375],[36.537689208984375,47.908172607421875],[36.534423828125,47.905029296875],[36.53204345703125,47.899658203125],[36.531341552734375,47.895263671875],[36.5311279296875,47.89111328125],[36.531341552734375,47.887359619140625],[36.53302001953125,47.883636474609375],[36.5367431640625,47.880096435546875],[36.5458984375,47.876922607421875],[36.55999755859375,47.874176025390625],[36.565887451171875,47.87060546875],[36.5694580078125,47.867340087890625],[36.576141357421875,47.844207763671875],[36.3919677734375,47.82568359375],[36.38775634765625,47.82708740234375],[36.384521484375,47.829315185546875],[36.37908935546875,47.834625244140625],[36.37567138671875,47.83697509765625],[36.371490478515625,47.838714599609375],[36.36651611328125,47.839599609375],[36.3612060546875,47.83984375],[36.354705810546875,47.838714599609375],[36.347259521484375,47.836456298828125],[36.336395263671875,47.83056640625],[36.331451416015625,47.82568359375],[36.325225830078125,47.8177490234375],[36.31842041015625,47.815155029296875],[36.307891845703125,47.813812255859375],[36.285980224609375,47.81329345703125],[36.27496337890625,47.81439208984375],[36.267364501953125,47.816131591796875],[36.25665283203125,47.822998046875],[36.2523193359375,47.824951171875],[36.24700927734375,47.826202392578125],[36.224365234375,47.827606201171875],[36.21923828125,47.828582763671875],[36.21490478515625,47.830291748046875],[36.213043212890625,47.83319091796875],[36.2122802734375,47.836700439453125],[36.21197509765625,47.84027099609375],[36.20947265625,47.85443115234375],[36.208404541015625,47.85772705078125],[36.206695556640625,47.860626220703125],[36.20343017578125,47.862762451171875],[36.19879150390625,47.8634033203125],[36.193450927734375,47.863525390625],[36.187408447265625,47.862335205078125],[36.181060791015625,47.8602294921875],[36.17315673828125,47.854644775390625],[36.1688232421875,47.85009765625],[36.163238525390625,47.84228515625],[36.15997314453125,47.83966064453125],[36.1522216796875,47.837890625],[36.106597900390625,47.834686279296875],[36.098236083984375,47.83551025390625],[36.095123291015625,47.83770751953125],[36.0926513671875,47.840362548828125],[36.08831787109375,47.84228515625],[36.078643798828125,47.84515380859375],[36.07647705078125,47.847564697265625],[36.07537841796875,47.850799560546875],[36.07476806640625,47.854217529296875],[36.0721435546875,47.856903076171875],[36.06298828125,47.86083984375],[36.0606689453125,47.86358642578125],[36.0595703125,47.866973876953125],[36.0595703125,47.87060546875],[36.060821533203125,47.873748779296875],[36.063751220703125,47.87554931640625],[36.071197509765625,47.8746337890625],[36.07568359375,47.872528076171875],[36.082977294921875,47.867767333984375],[36.0875244140625,47.8671875],[36.092803955078125,47.868316650390625],[36.098388671875,47.87335205078125],[36.101318359375,47.878021240234375],[36.109375,47.894927978515625],[36.116363525390625,47.905731201171875],[36.117767333984375,47.909423828125],[36.117767333984375,47.912872314453125],[36.116668701171875,47.91607666015625],[36.11480712890625,47.919189453125],[36.11358642578125,47.92242431640625],[36.11358642578125,47.9259033203125],[36.114501953125,47.929473876953125],[36.11761474609375,47.93621826171875],[36.11761474609375,47.93865966796875],[36.116973876953125,47.939605712890625],[36.114654541015625,47.939788818359375],[36.0869140625,47.93841552734375],[36.082366943359375,47.94000244140625],[36.079559326171875,47.941619873046875],[36.078216552734375,47.94354248046875],[36.075836181640625,47.94573974609375],[36.07244873046875,47.947601318359375],[36.068084716796875,47.948974609375],[36.063140869140625,47.9498291015625],[36.059112548828125,47.95111083984375],[36.057861328125,47.954071044921875],[36.059417724609375,47.96533203125],[36.05926513671875,47.96905517578125],[36.056640625,47.983154296875],[36.054779052734375,47.98992919921875],[36.053070068359375,47.993011474609375],[36.050567626953125,47.99578857421875],[36.04638671875,47.997833251953125],[36.0411376953125,47.99908447265625],[36.027496337890625,48.000732421875],[36.024078369140625,48.001953125],[36.021270751953125,48.00421142578125],[36.020965576171875,48.007537841796875],[36.02252197265625,48.01104736328125],[36.025299072265625,48.01409912109375],[36.02825927734375,48.016845703125],[36.041748046875,48.026885986328125],[36.044525146484375,48.030029296875],[36.04669189453125,48.03338623046875],[36.047637939453125,48.03717041015625],[36.04669189453125,48.0404052734375],[36.044677734375,48.04327392578125],[36.03973388671875,48.04412841796875],[36.032440185546875,48.042694091796875],[36.000152587890625,48.028076171875],[35.99578857421875,48.02703857421875],[35.98974609375,48.0262451171875],[35.978912353515625,48.0263671875],[35.974578857421875,48.02862548828125],[35.97222900390625,48.031768798828125],[35.9725341796875,48.03948974609375],[35.972076416015625,48.042999267578125],[35.966827392578125,48.05224609375],[35.96588134765625,48.05572509765625],[35.965667724609375,48.0594482421875],[35.96649169921875,48.063568115234375],[35.9703369140625,48.076568603515625],[35.970855712890625,48.08050537109375],[35.96990966796875,48.083892822265625],[35.967529296875,48.086761474609375],[35.963958740234375,48.089080810546875],[35.95916748046875,48.0906982421875],[35.953582763671875,48.091461181640625],[35.9422607421875,48.091796875],[35.882843017578125,48.082000732421875],[35.828521728515625,48.067047119140625],[35.816436767578125,48.065948486328125],[35.808837890625,48.06683349609375],[35.793914794921875,48.083343505859375],[35.790496826171875,48.085723876953125],[35.786163330078125,48.087799072265625],[35.781036376953125,48.089385986328125],[35.7322998046875,48.095916748046875],[35.727508544921875,48.097625732421875],[35.7236328125,48.099853515625],[35.710906982421875,48.109832763671875],[35.702850341796875,48.1177978515625],[35.6995849609375,48.1202392578125],[35.696014404296875,48.122589111328125],[35.6915283203125,48.12445068359375],[35.6859130859375,48.125885009765625],[35.674102783203125,48.126983642578125],[35.64605712890625,48.124298095703125],[35.60430908203125,48.1163330078125],[35.595306396484375,48.11334228515625],[35.579193115234375,48.104583740234375],[35.55633544921875,48.08892822265625],[35.54656982421875,48.084503173828125],[35.53076171875,48.080657958984375],[35.521881103515625,48.079376220703125],[35.514739990234375,48.079376220703125],[35.51165771484375,48.079986572265625],[35.4970703125,48.085205078125],[35.34002685546875,48.103973388671875],[35.27471923828125,48.12579345703125],[35.254547119140625,48.129669189453125],[35.245086669921875,48.13018798828125],[35.19110107421875,48.12371826171875],[35.173675537109375,48.12091064453125],[35.16455078125,48.119110107421875],[35.156158447265625,48.119781494140625],[35.12872314453125,48.1280517578125],[35.118133544921875,48.1290283203125],[35.10137939453125,48.128692626953125],[35.080810546875,48.125762939453125],[35.074066162109375,48.12274169921875],[35.06500244140625,48.119720458984375],[35.047698974609375,48.11822509765625],[35.0380859375,48.11822509765625],[35.02862548828125,48.119415283203125],[35.017425537109375,48.11663818359375],[35.00177001953125,48.110626220703125],[34.96905517578125,48.0919189453125],[34.943115234375,48.080963134765625],[34.885986328125,48.08087158203125],[34.880584716796875,48.082000732421875],[34.876556396484375,48.084014892578125],[34.874542236328125,48.08697509765625],[34.873138427734375,48.090240478515625],[34.87127685546875,48.097076416015625],[34.87017822265625,48.104248046875],[34.870025634765625,48.110992431640625],[34.870330810546875,48.1163330078125],[34.869873046875,48.11932373046875],[34.86724853515625,48.121551513671875],[34.862579345703125,48.1224365234375],[34.857025146484375,48.122833251953125],[34.8514404296875,48.12274169921875],[34.845855712890625,48.120819091796875],[34.84051513671875,48.11749267578125],[34.83587646484375,48.10858154296875],[34.83526611328125,48.10333251953125],[34.836029052734375,48.098846435546875],[34.840362548828125,48.0892333984375],[34.84564208984375,48.080780029296875],[34.84625244140625,48.078704833984375],[34.846466064453125,48.0772705078125],[34.84490966796875,48.07330322265625],[34.843475341796875,48.07049560546875],[34.84222412109375,48.065338134765625],[34.8402099609375,48.041290283203125],[34.838348388671875,48.038116455078125],[34.83477783203125,48.03466796875],[34.821136474609375,48.02874755859375],[34.816192626953125,48.025787353515625],[34.813690185546875,48.01983642578125],[34.813385009765625,48.0155029296875],[34.81494140625,48.011993408203125],[34.817901611328125,48.01007080078125],[34.82269287109375,48.009246826171875],[34.83355712890625,48.008941650390625],[34.838653564453125,48.00836181640625],[34.84222412109375,48.00653076171875],[34.843994140625,48.00396728515625],[34.8446044921875,48.001495361328125],[34.84490966796875,47.99591064453125],[34.8453369140625,47.99267578125],[34.84625244140625,47.9891357421875],[34.8480224609375,47.986053466796875],[34.850189208984375,47.983154296875],[34.853302001953125,47.980712890625],[34.857025146484375,47.978363037109375],[34.866790771484375,47.974884033203125],[34.903533935546875,47.9683837890625],[34.90838623046875,47.9666748046875],[34.911773681640625,47.96435546875],[34.91412353515625,47.961395263671875],[34.916595458984375,47.954833984375],[34.916900634765625,47.951141357421875],[34.916290283203125,47.9471435546875],[34.9150390625,47.942840576171875],[34.912109375,47.93841552734375],[34.90728759765625,47.934356689453125],[34.89654541015625,47.931060791015625],[34.8526611328125,47.9244384765625],[34.846466064453125,47.92205810546875],[34.81976318359375,47.90673828125],[34.8143310546875,47.90185546875],[34.810455322265625,47.89483642578125],[34.808746337890625,47.88970947265625],[34.807647705078125,47.884979248046875],[34.80780029296875,47.881195068359375],[34.808135986328125,47.877532958984375],[34.80950927734375,47.874267578125],[34.811676025390625,47.871368408203125],[34.818359375,47.86663818359375],[34.895782470703125,47.83477783203125],[34.90185546875,47.830810546875],[34.903533935546875,47.828887939453125],[34.904144287109375,47.827239990234375],[34.903839111328125,47.824188232421875],[34.902587890625,47.820465087890625],[34.899993896484375,47.81634521484375],[34.89111328125,47.804962158203125],[34.8876953125,47.798919677734375],[34.886627197265625,47.794158935546875],[34.8870849609375,47.790435791015625],[34.88818359375,47.787109375],[34.889556884765625,47.78387451171875],[34.8905029296875,47.780487060546875],[34.890350341796875,47.77655029296875],[34.886627197265625,47.76373291015625],[34.886322021484375,47.7601318359375],[34.8887939453125,47.7574462890625],[34.89373779296875,47.7557373046875],[34.91162109375,47.752288818359375],[34.9356689453125,47.750030517578125],[34.940765380859375,47.748504638671875],[34.9443359375,47.746185302734375],[34.945281982421875,47.742767333984375],[34.9454345703125,47.7388916015625],[34.934112548828125,47.692230224609375],[34.926513671875,47.6767578125],[34.918609619140625,47.64715576171875],[34.912261962890625,47.630157470703125],[34.897308349609375,47.604248046875],[34.895782470703125,47.600860595703125],[34.895294189453125,47.59722900390625],[34.896697998046875,47.59417724609375],[34.899993896484375,47.591796875],[34.919525146484375,47.581512451171875],[34.925750732421875,47.576812744140625],[34.92822265625,47.57403564453125],[34.929779052734375,47.570831298828125],[34.930084228515625,47.567169189453125],[34.92962646484375,47.56329345703125],[34.923248291015625,47.541900634765625],[34.921875,47.538848876953125],[34.9161376953125,47.530853271484375],[34.910552978515625,47.5262451171875],[34.90728759765625,47.52435302734375],[34.89825439453125,47.523223876953125],[34.832611083984375,47.525909423828125],[34.729888916015625,47.539154052734375],[34.644561767578125,47.5635986328125],[34.5946044921875,47.568603515625],[34.583740234375,47.567169189453125],[34.4459228515625,47.522857666015625],[34.319305419921875,47.50518798828125],[34.203704833984375,47.4783935546875],[34.157470703125,47.473876953125],[34.058197021484375,47.480712890625],[33.901763916015625,47.514434814453125],[33.87969970703125,47.51373291015625],[33.752471923828125,47.490997314453125],[33.654388427734375,47.48681640625],[33.64276123046875,47.488494873046875],[33.640289306640625,47.491302490234375],[33.634857177734375,47.501678466796875],[33.63299560546875,47.50439453125],[33.630218505859375,47.50762939453125],[33.62432861328125,47.5115966796875],[33.617034912109375,47.5123291015625],[33.594512939453125,47.510772705078125],[33.588134765625,47.512176513671875],[33.58441162109375,47.51470947265625],[33.5828857421875,47.517913818359375],[33.579010009765625,47.527587890625],[33.575286865234375,47.534271240234375],[33.575286865234375,47.537567138671875],[33.57666015625,47.54095458984375],[33.578704833984375,47.544586181640625],[33.586456298828125,47.553924560546875],[33.588470458984375,47.556915283203125],[33.588775634765625,47.560028076171875],[33.5869140625,47.563690185546875],[33.583038330078125,47.567596435546875],[33.575439453125,47.572784423828125],[33.569091796875,47.574615478515625],[33.5628662109375,47.575347900390625],[33.5032958984375,47.567108154296875],[33.497406005859375,47.5654296875],[33.4942626953125,47.56414794921875],[33.4920654296875,47.5618896484375],[33.491455078125,47.5587158203125],[33.491912841796875,47.555389404296875],[33.493621826171875,47.54833984375],[33.493927001953125,47.544677734375],[33.493621826171875,47.541015625],[33.49176025390625,47.53759765625],[33.488983154296875,47.53497314453125],[33.485260009765625,47.53271484375],[33.47674560546875,47.5299072265625],[33.370574951171875,47.515472412109375],[33.365936279296875,47.51434326171875],[33.362060546875,47.512542724609375],[33.359283447265625,47.509857177734375],[33.357574462890625,47.506744384765625],[33.35662841796875,47.50360107421875],[33.35601806640625,47.5003662109375],[33.355072021484375,47.499298095703125],[33.352447509765625,47.497894287109375],[33.345794677734375,47.495269775390625],[33.33941650390625,47.49505615234375],[33.33349609375,47.4957275390625],[33.3226318359375,47.500274658203125],[33.31317138671875,47.505950927734375],[33.306671142578125,47.510772705078125],[33.30401611328125,47.513580322265625],[33.302001953125,47.516510009765625],[33.300323486328125,47.519622802734375],[33.296600341796875,47.529449462890625],[33.293182373046875,47.53564453125],[33.283416748046875,47.539306640625],[33.26708984375,47.54327392578125],[33.193389892578125,47.55389404296875],[33.184722900390625,47.5577392578125],[33.170135498046875,47.566802978515625],[33.165435791015625,47.568511962890625],[33.089263916015625,47.582855224609375],[33.00518798828125,47.5916748046875],[32.9976806640625,47.5936279296875],[32.994171142578125,47.595428466796875],[32.992095947265625,47.59869384765625],[32.99163818359375,47.603240966796875],[32.994903564453125,47.610992431640625],[32.997894287109375,47.6151123046875],[33.0003662109375,47.61767578125],[33.01263427734375,47.62615966796875],[33.01837158203125,47.631866455078125],[33.0203857421875,47.63641357421875],[33.02069091796875,47.642578125],[33.018524169921875,47.65252685546875],[33.016510009765625,47.658172607421875],[33.01434326171875,47.66259765625],[33.006744384765625,47.67474365234375],[32.99072265625,47.694580078125],[32.984832763671875,47.703643798828125],[32.983734130859375,47.706878662109375],[32.983734130859375,47.709991455078125],[32.987762451171875,47.713287353515625],[32.99603271484375,47.717010498046875],[33.0020751953125,47.71893310546875],[33.039764404296875,47.72607421875],[33.0833740234375,47.728759765625],[33.086944580078125,47.731689453125],[33.08770751953125,47.7371826171875],[33.082122802734375,47.750091552734375],[33.076873779296875,47.75592041015625],[33.0718994140625,47.7601318359375],[33.067718505859375,47.7620849609375],[33.06414794921875,47.764312744140625],[33.061187744140625,47.76873779296875],[33.060272216796875,47.77557373046875],[33.06072998046875,47.83087158203125],[33.0621337890625,47.83770751953125],[33.0638427734375,47.8431396484375],[33.066162109375,47.84661865234375],[33.06817626953125,47.850189208984375],[33.069580078125,47.854522705078125],[33.07098388671875,47.877410888671875],[33.073150634765625,47.88275146484375],[33.076080322265625,47.886474609375],[33.079345703125,47.888916015625],[33.082275390625,47.891693115234375],[33.082763671875,47.89593505859375],[33.07965087890625,47.901519775390625],[33.069122314453125,47.91094970703125],[33.062286376953125,47.91363525390625],[33.0557861328125,47.914825439453125],[33.05059814453125,47.914154052734375],[33.045013427734375,47.9140625],[33.039306640625,47.914520263671875],[33.03448486328125,47.915985107421875],[33.031707763671875,47.919708251953125],[33.0313720703125,47.925689697265625],[33.039306640625,47.944305419921875],[33.04534912109375,47.95391845703125],[33.046112060546875,47.960174560546875],[33.035247802734375,47.966522216796875],[33.046112060546875,48.00006103515625],[33.0574951171875,48.025787353515625],[33.0615234375,48.0289306640625],[33.06878662109375,48.03253173828125],[33.076385498046875,48.03363037109375],[33.087860107421875,48.038970947265625],[33.095001220703125,48.04547119140625],[33.10400390625,48.057464599609375],[33.11126708984375,48.064178466796875],[33.1199951171875,48.06976318359375],[33.13427734375,48.076934814453125],[33.14263916015625,48.080108642578125],[33.14947509765625,48.081695556640625],[33.187042236328125,48.079498291015625],[33.211212158203125,48.083984375],[33.217926025390625,48.0870361328125],[33.2222900390625,48.090423583984375],[33.225677490234375,48.0980224609375],[33.227081298828125,48.102264404296875],[33.228179931640625,48.110443115234375],[33.2275390625,48.117919921875],[33.226165771484375,48.125152587890625],[33.225830078125,48.13287353515625],[33.22802734375,48.14129638671875],[33.23297119140625,48.15325927734375],[33.238250732421875,48.17059326171875],[33.241973876953125,48.17388916015625],[33.246307373046875,48.1751708984375],[33.250030517578125,48.174591064453125],[33.252197265625,48.17230224609375],[33.254058837890625,48.16943359375],[33.262115478515625,48.142486572265625],[33.262115478515625,48.139617919921875],[33.26055908203125,48.137054443359375],[33.2579345703125,48.134307861328125],[33.255615234375,48.13140869140625],[33.254364013671875,48.1280517578125],[33.25421142578125,48.12445068359375],[33.2545166015625,48.120758056640625],[33.25701904296875,48.1102294921875],[33.259033203125,48.10687255859375],[33.262420654296875,48.104217529296875],[33.268798828125,48.10272216796875],[33.2728271484375,48.104400634765625],[33.27581787109375,48.107269287109375],[33.28326416015625,48.123291015625],[33.292083740234375,48.13751220703125],[33.29473876953125,48.140777587890625],[33.335235595703125,48.1707763671875],[33.340667724609375,48.177215576171875],[33.344085693359375,48.183502197265625],[33.348114013671875,48.185943603515625],[33.3529052734375,48.18609619140625],[33.35711669921875,48.18426513671875],[33.3603515625,48.181854248046875],[33.363006591796875,48.179107666015625],[33.3660888671875,48.17657470703125],[33.3695068359375,48.17449951171875],[33.37322998046875,48.172821044921875],[33.378021240234375,48.172027587890625],[33.3843994140625,48.17193603515625],[33.3963623046875,48.1732177734375],[33.40289306640625,48.17523193359375],[33.4078369140625,48.177764892578125],[33.4163818359375,48.185211181640625],[33.4564208984375,48.210723876953125],[33.459381103515625,48.213531494140625],[33.47052001953125,48.22796630859375],[33.475799560546875,48.230438232421875],[33.481689453125,48.231353759765625],[33.4891357421875,48.2314453125],[33.49688720703125,48.2322998046875],[33.5084228515625,48.234771728515625],[33.51336669921875,48.238494873046875],[33.51617431640625,48.24267578125],[33.526397705078125,48.289947509765625],[33.526702880859375,48.2939453125],[33.52593994140625,48.297393798828125],[33.5234375,48.3001708984375],[33.51910400390625,48.302093505859375],[33.50762939453125,48.304840087890625],[33.5032958984375,48.306549072265625],[33.501129150390625,48.308868408203125],[33.50030517578125,48.3104248046875],[33.5,48.311187744140625],[33.498748779296875,48.31976318359375],[33.495330810546875,48.371917724609375],[33.489593505859375,48.392608642578125],[33.489288330078125,48.39630126953125],[33.489288330078125,48.400238037109375],[33.488525390625,48.4039306640625],[33.486968994140625,48.40692138671875],[33.4827880859375,48.40875244140625],[33.478118896484375,48.410064697265625],[33.47454833984375,48.411895751953125],[33.4730224609375,48.41485595703125],[33.471466064453125,48.422943115234375],[33.472381591796875,48.428955078125],[33.47625732421875,48.43267822265625],[33.482635498046875,48.43695068359375],[33.484649658203125,48.4405517578125],[33.4844970703125,48.44390869140625],[33.463409423828125,48.47711181640625],[33.460601806640625,48.48370361328125],[33.46044921875,48.4874267578125],[33.461700439453125,48.494964599609375],[33.4615478515625,48.49774169921875],[33.45782470703125,48.49853515625],[33.449127197265625,48.499053955078125],[33.446746826171875,48.499664306640625],[33.445831298828125,48.500091552734375],[33.444580078125,48.501800537109375],[33.4432373046875,48.5042724609375],[33.442108154296875,48.508209228515625],[33.441375732421875,48.513092041015625],[33.442626953125,48.52105712890625],[33.445404052734375,48.525299072265625],[33.449127197265625,48.528411865234375],[33.4776611328125,48.541015625],[33.563812255859375,48.563690185546875],[33.566131591796875,48.562591552734375],[33.568603515625,48.557342529296875],[33.572967529296875,48.557037353515625],[33.58038330078125,48.55938720703125],[33.60736083984375,48.578582763671875],[33.612213134765625,48.5810546875],[33.61358642578125,48.581451416015625],[33.6165771484375,48.582794189453125],[33.722503662109375,48.616546630859375],[33.730316162109375,48.620391845703125],[33.766265869140625,48.64569091796875],[33.77325439453125,48.648529052734375],[33.778411865234375,48.649261474609375],[33.78399658203125,48.6495361328125],[33.791290283203125,48.65081787109375],[33.7998046875,48.65313720703125],[33.81298828125,48.65960693359375],[33.8187255859375,48.66424560546875],[33.821044921875,48.66839599609375],[33.8187255859375,48.67108154296875],[33.8140869140625,48.6727294921875],[33.775115966796875,48.678924560546875],[33.769683837890625,48.6805419921875],[33.766754150390625,48.68316650390625],[33.76519775390625,48.68634033203125],[33.764404296875,48.68988037109375],[33.7626953125,48.69305419921875],[33.760528564453125,48.695831298828125],[33.756500244140625,48.69769287109375],[33.697540283203125,48.699920654296875],[33.691497802734375,48.700775146484375],[33.686370849609375,48.702239990234375],[33.664459228515625,48.712158203125],[33.65936279296875,48.71380615234375],[33.603485107421875,48.720306396484375],[33.598541259765625,48.721832275390625],[33.59466552734375,48.72393798828125],[33.591705322265625,48.726470947265625],[33.58721923828125,48.736083984375],[33.585357666015625,48.7391357421875],[33.5828857421875,48.741973876953125],[33.579315185546875,48.744293212890625],[33.569854736328125,48.7479248046875],[33.566131591796875,48.750152587890625],[33.563201904296875,48.752777099609375],[33.56085205078125,48.75555419921875],[33.557769775390625,48.76226806640625],[33.556610107421875,48.765899658203125],[33.55755615234375,48.77197265625],[33.572174072265625,48.78704833984375],[33.578369140625,48.791717529296875],[33.58441162109375,48.794464111328125],[33.58953857421875,48.794830322265625],[33.594512939453125,48.7939453125],[33.597900390625,48.791900634765625],[33.60009765625,48.7889404296875],[33.602874755859375,48.7862548828125],[33.606903076171875,48.784210205078125],[33.612945556640625,48.78363037109375],[33.619354248046875,48.784210205078125],[33.65826416015625,48.80615234375],[33.664794921875,48.807586669921875],[33.67083740234375,48.807403564453125],[33.677093505859375,48.80657958984375],[33.682830810546875,48.80523681640625],[33.68670654296875,48.80303955078125],[33.689178466796875,48.800201416015625],[33.690582275390625,48.7969970703125],[33.692901611328125,48.79022216796875],[33.694610595703125,48.787139892578125],[33.697845458984375,48.78466796875],[33.702972412109375,48.78314208984375],[33.7088623046875,48.782470703125],[33.7152099609375,48.7835693359375],[33.72125244140625,48.78631591796875],[33.7408447265625,48.80316162109375],[33.744415283203125,48.805389404296875],[33.74859619140625,48.807098388671875],[33.7540283203125,48.80755615234375],[33.7603759765625,48.807098388671875],[33.76641845703125,48.805938720703125],[33.771240234375,48.804229736328125],[33.773712158203125,48.8013916015625],[33.77386474609375,48.79766845703125],[33.771087646484375,48.784881591796875],[33.772003173828125,48.78125],[33.774810791015625,48.778961181640625],[33.78192138671875,48.7801513671875],[33.786956787109375,48.784515380859375],[33.793304443359375,48.792724609375],[33.79779052734375,48.7960205078125],[33.80181884765625,48.796142578125],[33.8038330078125,48.793487548828125],[33.8043212890625,48.7899169921875],[33.804168701171875,48.78594970703125],[33.804473876953125,48.781646728515625],[33.80523681640625,48.778594970703125],[33.8106689453125,48.771484375],[33.81097412109375,48.761962890625],[33.81439208984375,48.7601318359375],[33.8193359375,48.758544921875],[33.825714111328125,48.759429931640625],[33.82958984375,48.761962890625],[33.832672119140625,48.765167236328125],[33.835052490234375,48.768829345703125],[33.84295654296875,48.78472900390625],[33.85009765625,48.793701171875],[33.858306884765625,48.797119140625],[33.864044189453125,48.80206298828125],[33.87164306640625,48.810089111328125],[33.880645751953125,48.81488037109375],[33.884979248046875,48.819549560546875],[33.88714599609375,48.82342529296875],[33.887908935546875,48.827545166015625],[33.89385986328125,48.84027099609375],[33.91943359375,48.86578369140625],[33.927978515625,48.86004638671875],[34.0401611328125,48.80780029296875],[34.047454833984375,48.8065185546875],[34.06170654296875,48.808074951171875],[34.068878173828125,48.8074951171875],[34.0748291015625,48.805023193359375],[34.08660888671875,48.797607421875],[34.0927734375,48.794647216796875],[34.10968017578125,48.7901611328125],[34.161956787109375,48.78436279296875],[34.19256591796875,48.7735595703125],[34.224029541015625,48.74749755859375],[34.237457275390625,48.746246337890625],[34.265777587890625,48.7593994140625],[34.287628173828125,48.77276611328125],[34.290802001953125,48.77545166015625],[34.293731689453125,48.778289794921875],[34.295440673828125,48.78131103515625],[34.295135498046875,48.784393310546875],[34.292510986328125,48.7869873046875],[34.28857421875,48.789093017578125],[34.283905029296875,48.790924072265625],[34.279876708984375,48.79302978515625],[34.2764892578125,48.79547119140625],[34.274932861328125,48.7987060546875],[34.2747802734375,48.802490234375],[34.274932861328125,48.806243896484375],[34.275848388671875,48.809967041015625],[34.278167724609375,48.813201904296875],[34.298553466796875,48.828369140625],[34.309539794921875,48.832183837890625],[34.314056396484375,48.8360595703125],[34.31591796875,48.839599609375],[34.31390380859375,48.854095458984375],[34.313720703125,48.857879638671875],[34.312652587890625,48.861297607421875],[34.310943603515625,48.86444091796875],[34.30877685546875,48.867340087890625],[34.3056640625,48.86993408203125],[34.276641845703125,48.88836669921875],[34.2742919921875,48.891204833984375],[34.2730712890625,48.89447021484375],[34.2724609375,48.89813232421875],[34.2724609375,48.90191650390625],[34.2742919921875,48.914306640625],[34.275848388671875,48.91845703125],[34.2777099609375,48.922271728515625],[34.287322998046875,48.936370849609375],[34.301177978515625,48.9638671875],[34.303955078125,48.967071533203125],[34.30816650390625,48.970947265625],[34.314056396484375,48.974884033203125],[34.3251953125,48.980865478515625],[34.343658447265625,48.98504638671875],[34.356719970703125,48.986053466796875],[34.36370849609375,48.988067626953125],[34.367889404296875,48.991058349609375],[34.368682861328125,48.99456787109375],[34.367279052734375,48.9974365234375],[34.362945556640625,48.9989013671875],[34.352996826171875,48.999114990234375],[34.346954345703125,48.99993896484375],[34.345733642578125,49.0003662109375],[34.3450927734375,49.00103759765625],[34.343658447265625,49.002716064453125],[34.343048095703125,49.00537109375],[34.344482421875,49.008514404296875],[34.346954345703125,49.0115966796875],[34.35052490234375,49.01434326171875],[34.37548828125,49.028045654296875],[34.39007568359375,49.0379638671875],[34.40283203125,49.05010986328125],[34.4051513671875,49.05352783203125],[34.406402587890625,49.0574951171875],[34.406707763671875,49.06134033203125],[34.404693603515625,49.068359375],[34.40484619140625,49.07196044921875],[34.40826416015625,49.0765380859375],[34.41351318359375,49.077667236328125],[34.4195556640625,49.0775146484375],[34.430419921875,49.0745849609375],[34.60980224609375,49.126495361328125],[34.64501953125,49.1297607421875],[34.726470947265625,49.145965576171875],[34.735992431640625,49.149017333984375],[34.742340087890625,49.1519775390625],[34.751953125,49.160400390625],[34.76263427734375,49.1673583984375],[34.77008056640625,49.170745849609375],[34.7783203125,49.173553466796875],[34.7840576171875,49.174560546875],[34.8092041015625,49.173614501953125],[34.816650390625,49.175323486328125],[34.82470703125,49.1795654296875],[34.83074951171875,49.180877685546875],[34.836639404296875,49.180694580078125],[34.864776611328125,49.17340087890625],[34.868804931640625,49.17120361328125],[34.87127685546875,49.168701171875],[34.870819091796875,49.1656494140625],[34.8681640625,49.163177490234375],[34.86090087890625,49.158843994140625],[34.858245849609375,49.156097412109375],[34.857025146484375,49.152862548828125],[34.857330322265625,49.14959716796875],[34.8612060546875,49.146759033203125],[34.867401123046875,49.1448974609375],[34.87933349609375,49.144439697265625],[34.885986328125,49.145965576171875],[34.89111328125,49.14825439453125],[34.8939208984375,49.151397705078125],[34.896240234375,49.154876708984375],[34.899688720703125,49.16339111328125],[34.90216064453125,49.168304443359375],[34.90570068359375,49.173248291015625],[34.91363525390625,49.179351806640625],[34.920013427734375,49.181854248046875],[34.92620849609375,49.18304443359375],[34.9322509765625,49.18267822265625],[34.943878173828125,49.18023681640625],[34.954254150390625,49.17681884765625],[34.983917236328125,49.1636962890625]]]}},{"type":"Feature","properties":{"name":"Донецька область","name:en":"Donetsk Oblast","iso3166-2":"UA-14"},"geometry":{"type":"Polygon","coordinates":[[[37.9765625,49.13134765625],[37.981201171875,49.132232666015625],[37.98541259765625,49.13409423828125],[38.011505126953125,49.149658203125],[38.015838623046875,49.151397705078125],[38.0206298828125,49.152252197265625],[38.061767578125,49.150848388671875],[38.066741943359375,49.150054931640625],[38.070465087890625,49.148040771484375],[38.070159912109375,49.142913818359375],[38.06317138671875,49.1170654296875],[38.062255859375,49.109222412109375],[38.062408447265625,49.10552978515625],[38.0628662109375,49.10198974609375],[38.063323974609375,49.0947265625],[38.06207275390625,49.09063720703125],[38.060211181640625,49.086639404296875],[38.057586669921875,49.083251953125],[38.05450439453125,49.08038330078125],[38.04388427734375,49.07281494140625],[38.041015625,49.0699462890625],[38.04266357421875,49.061798095703125],[38.048583984375,49.0498046875],[38.07757568359375,49.00360107421875],[38.0777587890625,49.001220703125],[38.0777587890625,48.999847412109375],[38.0772705078125,48.99822998046875],[38.0760498046875,48.99530029296875],[38.073699951171875,48.992340087890625],[38.06982421875,48.990325927734375],[38.065338134765625,48.989166259765625],[38.049224853515625,48.9884033203125],[38.044830322265625,48.9874267578125],[38.043182373046875,48.984893798828125],[38.04254150390625,48.981536865234375],[38.042236328125,48.978179931640625],[38.040496826171875,48.97528076171875],[38.036285400390625,48.974151611328125],[38.024658203125,48.97454833984375],[38.019561767578125,48.973785400390625],[38.015838623046875,48.97161865234375],[38.01287841796875,48.9686279296875],[38.010406494140625,48.9649658203125],[38.008544921875,48.96112060546875],[38.008087158203125,48.957275390625],[38.00994873046875,48.954254150390625],[38.015838623046875,48.952545166015625],[38.02142333984375,48.951873779296875],[38.028228759765625,48.95025634765625],[38.03521728515625,48.947113037109375],[38.044830322265625,48.940643310546875],[38.051239013671875,48.938140869140625],[38.0577392578125,48.937042236328125],[38.171173095703125,48.932037353515625],[38.2100830078125,48.923919677734375],[38.213409423828125,48.913116455078125],[38.22503662109375,48.889923095703125],[38.228118896484375,48.879913330078125],[38.229522705078125,48.873016357421875],[38.229522705078125,48.858154296875],[38.2310791015625,48.854248046875],[38.23480224609375,48.850738525390625],[38.243316650390625,48.84698486328125],[38.25726318359375,48.844146728515625],[38.263153076171875,48.84381103515625],[38.275146484375,48.841827392578125],[38.27947998046875,48.839141845703125],[38.281494140625,48.835205078125],[38.281036376953125,48.82843017578125],[38.279327392578125,48.82373046875],[38.27947998046875,48.8182373046875],[38.282745361328125,48.811676025390625],[38.291748046875,48.800689697265625],[38.2957763671875,48.790069580078125],[38.296539306640625,48.78314208984375],[38.294830322265625,48.7781982421875],[38.290191650390625,48.770751953125],[38.28460693359375,48.76416015625],[38.272369384765625,48.75225830078125],[38.26971435546875,48.748779296875],[38.267974853515625,48.744873046875],[38.266937255859375,48.7410888671875],[38.266632080078125,48.73785400390625],[38.26641845703125,48.73272705078125],[38.267547607421875,48.72991943359375],[38.269500732421875,48.72735595703125],[38.274383544921875,48.7266845703125],[38.2940673828125,48.72967529296875],[38.299346923828125,48.729766845703125],[38.3038330078125,48.728515625],[38.30645751953125,48.725372314453125],[38.305389404296875,48.71929931640625],[38.30303955078125,48.714996337890625],[38.30010986328125,48.711090087890625],[38.284149169921875,48.696929931640625],[38.261444091796875,48.6837158203125],[38.255401611328125,48.679046630859375],[38.25384521484375,48.67742919921875],[38.2518310546875,48.674560546875],[38.249969482421875,48.671112060546875],[38.2489013671875,48.6673583984375],[38.248748779296875,48.66357421875],[38.251373291015625,48.638580322265625],[38.25604248046875,48.622650146484375],[38.25634765625,48.6207275390625],[38.256195068359375,48.61773681640625],[38.253997802734375,48.609832763671875],[38.253692626953125,48.605499267578125],[38.255706787109375,48.600921630859375],[38.267852783203125,48.579803466796875],[38.27001953125,48.5736083984375],[38.26983642578125,48.568145751953125],[38.268157958984375,48.563934326171875],[38.261749267578125,48.5521240234375],[38.2603759765625,48.54803466796875],[38.26007080078125,48.54425048828125],[38.262237548828125,48.540283203125],[38.2667236328125,48.536468505859375],[38.27716064453125,48.531585693359375],[38.289886474609375,48.5279541015625],[38.30523681640625,48.5255126953125],[38.310333251953125,48.523468017578125],[38.31390380859375,48.520538330078125],[38.314849853515625,48.515411376953125],[38.31500244140625,48.511077880859375],[38.31329345703125,48.50347900390625],[38.3118896484375,48.500396728515625],[38.311279296875,48.49951171875],[38.308624267578125,48.494659423828125],[38.305389404296875,48.486328125],[38.302581787109375,48.474090576171875],[38.301971435546875,48.4664306640625],[38.3021240234375,48.459014892578125],[38.304901123046875,48.45458984375],[38.3101806640625,48.449951171875],[38.32366943359375,48.443145751953125],[38.3323974609375,48.4405517578125],[38.33984375,48.43939208984375],[38.34527587890625,48.439239501953125],[38.35101318359375,48.438201904296875],[38.36419677734375,48.432586669921875],[38.370086669921875,48.43182373046875],[38.375335693359375,48.432098388671875],[38.37957763671875,48.4337158203125],[38.383087158203125,48.435882568359375],[38.3896484375,48.441253662109375],[38.39337158203125,48.4434814453125],[38.39910888671875,48.442291259765625],[38.40625,48.437347412109375],[38.4171142578125,48.424102783203125],[38.421142578125,48.41693115234375],[38.423614501953125,48.411285400390625],[38.424530029296875,48.40802001953125],[38.42608642578125,48.404876708984375],[38.429962158203125,48.401214599609375],[38.435699462890625,48.3970947265625],[38.457000732421875,48.3856201171875],[38.466766357421875,48.37615966796875],[38.480560302734375,48.35760498046875],[38.48272705078125,48.35284423828125],[38.48272705078125,48.350738525390625],[38.481964111328125,48.347625732421875],[38.48040771484375,48.344207763671875],[38.47808837890625,48.34100341796875],[38.474822998046875,48.338287353515625],[38.47125244140625,48.33612060546875],[38.46722412109375,48.334503173828125],[38.46319580078125,48.333465576171875],[38.417572021484375,48.328338623046875],[38.41461181640625,48.327667236328125],[38.4119873046875,48.32647705078125],[38.409820556640625,48.324127197265625],[38.40966796875,48.32110595703125],[38.40997314453125,48.317718505859375],[38.41290283203125,48.310455322265625],[38.41912841796875,48.298919677734375],[38.423614501953125,48.285614013671875],[38.426727294921875,48.28204345703125],[38.432281494140625,48.27862548828125],[38.445220947265625,48.27459716796875],[38.46087646484375,48.27239990234375],[38.56097412109375,48.278839111328125],[38.566253662109375,48.277618408203125],[38.57073974609375,48.27435302734375],[38.57647705078125,48.26629638671875],[38.58111572265625,48.25689697265625],[38.584228515625,48.246612548828125],[38.588714599609375,48.237091064453125],[38.604278564453125,48.21331787109375],[38.6058349609375,48.21026611328125],[38.607177734375,48.206939697265625],[38.606536865234375,48.20318603515625],[38.603668212890625,48.195068359375],[38.601470947265625,48.18701171875],[38.600982666015625,48.18316650390625],[38.603668212890625,48.179107666015625],[38.609222412109375,48.17498779296875],[38.630462646484375,48.165924072265625],[38.75616455078125,48.134002685546875],[38.81402587890625,48.111419677734375],[38.81805419921875,48.10791015625],[38.8211669921875,48.10321044921875],[38.822723388671875,48.094268798828125],[38.821319580078125,48.089019775390625],[38.81884765625,48.0848388671875],[38.80999755859375,48.075439453125],[38.80487060546875,48.068450927734375],[38.802703857421875,48.064605712890625],[38.8011474609375,48.060546875],[38.80023193359375,48.056671142578125],[38.80535888671875,48.050445556640625],[38.814971923828125,48.04296875],[38.840118408203125,48.0279541015625],[38.852691650390625,48.0228271484375],[38.8623046875,48.020111083984375],[38.93365478515625,48.021087646484375],[39.027099609375,48.006622314453125],[39.031280517578125,48.00103759765625],[39.03375244140625,47.991943359375],[39.030975341796875,47.958770751953125],[39.031280517578125,47.9498291015625],[39.0357666015625,47.942535400390625],[39.04010009765625,47.938568115234375],[39.044921875,47.9356689453125],[39.05364990234375,47.93157958984375],[39.05499267578125,47.92376708984375],[39.055511474609375,47.9173583984375],[39.0380859375,47.8658447265625],[39.036224365234375,47.857330322265625],[39.036163330078125,47.85699462890625],[38.877227783203125,47.861236572265625],[38.8309326171875,47.848236083984375],[38.79620361328125,47.819915771484375],[38.77099609375,47.78082275390625],[38.7532958984375,47.735137939453125],[38.745147705078125,47.693084716796875],[38.7344970703125,47.6771240234375],[38.7130126953125,47.67572021484375],[38.6778564453125,47.685150146484375],[38.662139892578125,47.68328857421875],[38.643341064453125,47.67352294921875],[38.606353759765625,47.645050048828125],[38.587646484375,47.63427734375],[38.56219482421875,47.626617431640625],[38.3529052734375,47.607086181640625],[38.31903076171875,47.591278076171875],[38.29339599609375,47.562774658203125],[38.274383544921875,47.52783203125],[38.26031494140625,47.492919921875],[38.26361083984375,47.42169189453125],[38.2579345703125,47.393218994140625],[38.23333740234375,47.362396240234375],[38.203369140625,47.334625244140625],[38.1905517578125,47.31689453125],[38.188690185546875,47.30096435546875],[38.20098876953125,47.290618896484375],[38.220306396484375,47.288787841796875],[38.25762939453125,47.292724609375],[38.275726318359375,47.29180908203125],[38.291839599609375,47.287017822265625],[38.300933837890625,47.2760009765625],[38.29815673828125,47.256011962890625],[38.284698486328125,47.241119384765625],[38.263946533203125,47.23150634765625],[38.241302490234375,47.22393798828125],[38.222503662109375,47.2152099609375],[38.203460693359375,47.192291259765625],[38.19696044921875,47.162384033203125],[38.201416015625,47.1307373046875],[38.216644287109375,47.103240966796875],[38.216644287109375,47.103240966796875],[38.216461181640625,47.10308837890625],[38.1962890625,47.0894775390625],[38.142242431640625,47.03765869140625],[38.108062744140625,47.026336669921875],[38.13037109375,47.05841064453125],[38.130035400390625,47.07464599609375],[38.104339599609375,47.08160400390625],[38.071533203125,47.09979248046875],[38.066558837890625,47.09808349609375],[38.06103515625,47.094940185546875],[38.03515625,47.08428955078125],[38.026214599609375,47.08160400390625],[37.987640380859375,47.0919189453125],[37.962066650390625,47.095916748046875],[37.950439453125,47.09124755859375],[37.861083984375,47.10150146484375],[37.753265380859375,47.07525634765625],[37.710296630859375,47.07415771484375],[37.580718994140625,47.09039306640625],[37.54638671875,47.08160400390625],[37.48291015625,47.03594970703125],[37.3779296875,46.93389892578125],[37.351715087890625,46.89874267578125],[37.335205078125,46.8824462890625],[37.31298828125,46.87554931640625],[37.3173828125,46.90081787109375],[37.29541015625,46.92022705078125],[37.2607421875,46.93267822265625],[37.22705078125,46.936981201171875],[37.208160400390625,46.933563232421875],[37.162261962890625,46.9090576171875],[37.046539306640625,46.87774658203125],[37.037750244140625,46.87664794921875],[37.037689208984375,46.876708984375],[37.009552001953125,46.914825439453125],[37.00830078125,46.918243408203125],[37.007843017578125,46.92193603515625],[37.009552001953125,46.926788330078125],[37.012481689453125,46.9300537109375],[37.015594482421875,46.933135986328125],[37.018829345703125,46.93572998046875],[37.04742431640625,46.953857421875],[37.0511474609375,46.95684814453125],[37.057037353515625,46.95947265625],[37.06182861328125,46.9610595703125],[37.0672607421875,46.96099853515625],[37.07208251953125,46.959716796875],[37.081512451171875,46.956207275390625],[37.086334228515625,46.955108642578125],[37.0911865234375,46.954986572265625],[37.09552001953125,46.956085205078125],[37.099700927734375,46.957733154296875],[37.11444091796875,46.9656982421875],[37.115692138671875,46.969879150390625],[37.11444091796875,46.97576904296875],[37.093658447265625,47],[37.09381103515625,47.000885009765625],[37.098480224609375,47.005706787109375],[37.105621337890625,47.011260986328125],[37.116607666015625,47.017669677734375],[37.119720458984375,47.02020263671875],[37.1204833984375,47.023895263671875],[37.11846923828125,47.028167724609375],[37.111328125,47.033905029296875],[37.106231689453125,47.0369873046875],[37.090972900390625,47.04388427734375],[37.0740966796875,47.0557861328125],[37.070831298828125,47.057525634765625],[37.067108154296875,47.05804443359375],[37.0638427734375,47.056549072265625],[37.060760498046875,47.0540771484375],[37.055328369140625,47.047821044921875],[37.052520751953125,47.04522705078125],[37.04913330078125,47.044769287109375],[37.045867919921875,47.046142578125],[37.01092529296875,47.06561279296875],[37.006439208984375,47.069915771484375],[37.0025634765625,47.076507568359375],[36.99078369140625,47.10614013671875],[36.9830322265625,47.117431640625],[36.96746826171875,47.135467529296875],[36.9625244140625,47.139678955078125],[36.95880126953125,47.14190673828125],[36.94049072265625,47.149627685546875],[36.897674560546875,47.16217041015625],[36.88897705078125,47.166046142578125],[36.86444091796875,47.18243408203125],[36.85870361328125,47.187652587890625],[36.85699462890625,47.190643310546875],[36.856536865234375,47.193695068359375],[36.860076904296875,47.197235107421875],[36.86444091796875,47.199005126953125],[36.869903564453125,47.199798583984375],[36.922607421875,47.202728271484375],[36.931671142578125,47.204864501953125],[36.935546875,47.206573486328125],[36.938629150390625,47.208984375],[36.940338134765625,47.212310791015625],[36.941131591796875,47.2159423828125],[36.938018798828125,47.241119384765625],[36.9361572265625,47.248138427734375],[36.93353271484375,47.25360107421875],[36.918487548828125,47.275146484375],[36.9139404296875,47.283599853515625],[36.912994384765625,47.293853759765625],[36.9156494140625,47.298248291015625],[36.919403076171875,47.30126953125],[36.92779541015625,47.3043212890625],[36.93212890625,47.305084228515625],[36.93646240234375,47.3050537109375],[36.93988037109375,47.30352783203125],[36.94329833984375,47.30145263671875],[36.947021484375,47.299530029296875],[36.95196533203125,47.298736572265625],[36.9620361328125,47.298583984375],[36.966552734375,47.297607421875],[36.970123291015625,47.295654296875],[36.97320556640625,47.293212890625],[36.977386474609375,47.291107177734375],[36.98907470703125,47.28863525390625],[37.007843017578125,47.28692626953125],[37.0289306640625,47.28753662109375],[37.065399169921875,47.296173095703125],[37.069427490234375,47.29803466796875],[37.0723876953125,47.30059814453125],[37.074249267578125,47.304168701171875],[37.07470703125,47.307891845703125],[37.0740966796875,47.318817138671875],[37.074859619140625,47.322723388671875],[37.07672119140625,47.326385498046875],[37.078887939453125,47.329986572265625],[37.0877685546875,47.339874267578125],[37.089935302734375,47.342926025390625],[37.092132568359375,47.346771240234375],[37.0958251953125,47.355194091796875],[37.100189208984375,47.36273193359375],[37.103271484375,47.3656005859375],[37.106536865234375,47.368072509765625],[37.11444091796875,47.3714599609375],[37.118621826171875,47.372344970703125],[37.122802734375,47.372650146484375],[37.12591552734375,47.37255859375],[37.130706787109375,47.37188720703125],[37.135528564453125,47.37054443359375],[37.139862060546875,47.36859130859375],[37.143280029296875,47.366363525390625],[37.149688720703125,47.36138916015625],[37.1524658203125,47.358642578125],[37.157135009765625,47.352996826171875],[37.15899658203125,47.350067138671875],[37.1610107421875,47.3475341796875],[37.16363525390625,47.34588623046875],[37.167205810546875,47.346282958984375],[37.17108154296875,47.34747314453125],[37.17913818359375,47.350830078125],[37.182403564453125,47.353057861328125],[37.185028076171875,47.3555908203125],[37.18548583984375,47.359100341796875],[37.184722900390625,47.362884521484375],[37.183319091796875,47.367767333984375],[37.18194580078125,47.375762939453125],[37.1822509765625,47.379669189453125],[37.183013916015625,47.383697509765625],[37.1845703125,47.38787841796875],[37.188751220703125,47.39544677734375],[37.19866943359375,47.40911865234375],[37.199615478515625,47.413238525390625],[37.199310302734375,47.42205810546875],[37.199920654296875,47.425567626953125],[37.2017822265625,47.42913818359375],[37.217803955078125,47.448394775390625],[37.22027587890625,47.451934814453125],[37.22088623046875,47.45526123046875],[37.21917724609375,47.4581298828125],[37.21142578125,47.45947265625],[37.1943359375,47.459259033203125],[37.15216064453125,47.4638671875],[37.147308349609375,47.463226318359375],[37.143890380859375,47.461212158203125],[37.140655517578125,47.454803466796875],[37.1376953125,47.4522705078125],[37.134124755859375,47.450408935546875],[37.128692626953125,47.451171875],[37.122344970703125,47.454620361328125],[37.102813720703125,47.47528076171875],[37.099884033203125,47.477813720703125],[37.02117919921875,47.524200439453125],[36.99542236328125,47.5474853515625],[36.987518310546875,47.552520751953125],[36.9442138671875,47.57037353515625],[36.936767578125,47.57147216796875],[36.93072509765625,47.571044921875],[36.9041748046875,47.557342529296875],[36.897186279296875,47.552734375],[36.893310546875,47.550872802734375],[36.8818359375,47.555908203125],[36.864959716796875,47.56634521484375],[36.825836181640625,47.5958251953125],[36.80902099609375,47.605560302734375],[36.797882080078125,47.6102294921875],[36.766571044921875,47.60150146484375],[36.7569580078125,47.6002197265625],[36.7520751953125,47.6016845703125],[36.74884033203125,47.6051025390625],[36.748046875,47.61199951171875],[36.74884033203125,47.617279052734375],[36.7520751953125,47.62628173828125],[36.75323486328125,47.63037109375],[36.752410888671875,47.633880615234375],[36.74945068359375,47.636444091796875],[36.73193359375,47.638824462890625],[36.727294921875,47.6405029296875],[36.723724365234375,47.64404296875],[36.72125244140625,47.64892578125],[36.720001220703125,47.657745361328125],[36.7227783203125,47.66131591796875],[36.726959228515625,47.663421630859375],[36.736419677734375,47.665283203125],[36.744964599609375,47.66802978515625],[36.748382568359375,47.669891357421875],[36.7491455078125,47.67218017578125],[36.747283935546875,47.674896240234375],[36.74078369140625,47.67706298828125],[36.715179443359375,47.681365966796875],[36.708831787109375,47.685028076171875],[36.703094482421875,47.690826416015625],[36.689239501953125,47.71588134765625],[36.661346435546875,47.757110595703125],[36.658538818359375,47.763671875],[36.656707763671875,47.778045654296875],[36.654998779296875,47.78497314453125],[36.652984619140625,47.787811279296875],[36.649566650390625,47.78973388671875],[36.643035888671875,47.789794921875],[36.616943359375,47.786346435546875],[36.605804443359375,47.786468505859375],[36.59417724609375,47.7882080078125],[36.583740234375,47.7913818359375],[36.576904296875,47.803009033203125],[36.576141357421875,47.844207763671875],[36.5694580078125,47.867340087890625],[36.565887451171875,47.87060546875],[36.55999755859375,47.874176025390625],[36.5458984375,47.876922607421875],[36.5367431640625,47.880096435546875],[36.53302001953125,47.883636474609375],[36.531341552734375,47.887359619140625],[36.5311279296875,47.89111328125],[36.531341552734375,47.895263671875],[36.53204345703125,47.899658203125],[36.534423828125,47.905029296875],[36.537689208984375,47.908172607421875],[36.541717529296875,47.910247802734375],[36.55828857421875,47.91070556640625],[36.5648193359375,47.911956787109375],[36.572418212890625,47.915679931640625],[36.578460693359375,47.917266845703125],[36.584564208984375,47.9180908203125],[36.6180419921875,47.918243408203125],[36.62890625,47.919647216796875],[36.63385009765625,47.921722412109375],[36.634002685546875,47.92425537109375],[36.632781982421875,47.927093505859375],[36.6260986328125,47.93572998046875],[36.61944580078125,47.9481201171875],[36.6180419921875,47.951324462890625],[36.616180419921875,47.954315185546875],[36.6134033203125,47.957000732421875],[36.609344482421875,47.9591064453125],[36.604248046875,47.960479736328125],[36.586212158203125,47.96234130859375],[36.581085205078125,47.9652099609375],[36.57659912109375,47.970703125],[36.57659912109375,47.982025146484375],[36.571929931640625,47.995513916015625],[36.571319580078125,47.99993896484375],[36.575042724609375,48.0582275390625],[36.576904296875,48.0670166015625],[36.58062744140625,48.07318115234375],[36.58465576171875,48.076416015625],[36.58905029296875,48.07891845703125],[36.5933837890625,48.080352783203125],[36.598052978515625,48.081390380859375],[36.6031494140625,48.082000732421875],[36.620208740234375,48.081817626953125],[36.65435791015625,48.087921142578125],[36.659637451171875,48.0882568359375],[36.665069580078125,48.088043212890625],[36.723724365234375,48.075592041015625],[36.728057861328125,48.0736083984375],[36.731475830078125,48.0712890625],[36.7342529296875,48.068603515625],[36.738433837890625,48.05908203125],[36.741546630859375,48.056427001953125],[36.745574951171875,48.0543212890625],[36.75054931640625,48.05255126953125],[36.788421630859375,48.04510498046875],[36.823822021484375,48.0330810546875],[36.82940673828125,48.0321044921875],[36.839019775390625,48.034454345703125],[36.85125732421875,48.03985595703125],[36.8760986328125,48.0538330078125],[36.8863525390625,48.06146240234375],[36.892547607421875,48.067535400390625],[36.893463134765625,48.07147216796875],[36.893798828125,48.075286865234375],[36.893798828125,48.079071044921875],[36.891448974609375,48.09320068359375],[36.889434814453125,48.099945068359375],[36.87921142578125,48.118438720703125],[36.876739501953125,48.12493896484375],[36.87005615234375,48.15228271484375],[36.869598388671875,48.15643310546875],[36.8697509765625,48.1610107421875],[36.871917724609375,48.16741943359375],[36.875335693359375,48.1707763671875],[36.8795166015625,48.173065185546875],[36.88958740234375,48.174560546875],[36.896728515625,48.1768798828125],[36.90509033203125,48.180908203125],[36.919525146484375,48.19049072265625],[36.9246826171875,48.19647216796875],[36.927154541015625,48.20147705078125],[36.927001953125,48.205108642578125],[36.924163818359375,48.215362548828125],[36.923553466796875,48.218841552734375],[36.922821044921875,48.222015380859375],[36.922515869140625,48.22503662109375],[36.913787841796875,48.2637939453125],[36.911468505859375,48.270477294921875],[36.908660888671875,48.276824951171875],[36.906951904296875,48.28369140625],[36.90557861328125,48.29443359375],[36.904022216796875,48.29766845703125],[36.90106201171875,48.30029296875],[36.8961181640625,48.302001953125],[36.873321533203125,48.30438232421875],[36.86944580078125,48.305419921875],[36.867523193359375,48.307952880859375],[36.866485595703125,48.311187744140625],[36.864959716796875,48.314239501953125],[36.862579345703125,48.316802978515625],[36.858551025390625,48.318267822265625],[36.85357666015625,48.31878662109375],[36.84814453125,48.31878662109375],[36.837921142578125,48.3173828125],[36.829071044921875,48.31475830078125],[36.8245849609375,48.3138427734375],[36.8199462890625,48.31439208984375],[36.8165283203125,48.316253662109375],[36.814208984375,48.319000244140625],[36.812652587890625,48.32220458984375],[36.81182861328125,48.32568359375],[36.812347412109375,48.330718994140625],[36.818389892578125,48.352447509765625],[36.819000244140625,48.357421875],[36.814666748046875,48.386383056640625],[36.8101806640625,48.40008544921875],[36.809234619140625,48.405181884765625],[36.808929443359375,48.413116455078125],[36.8114013671875,48.417144775390625],[36.81512451171875,48.419708251953125],[36.838226318359375,48.426788330078125],[36.842742919921875,48.429534912109375],[36.84722900390625,48.4339599609375],[36.84613037109375,48.43682861328125],[36.837921142578125,48.441741943359375],[36.834991455078125,48.445465087890625],[36.83544921875,48.476318359375],[36.838226318359375,48.480194091796875],[36.841796875,48.48297119140625],[36.851409912109375,48.486572265625],[36.856536865234375,48.48944091796875],[36.858551025390625,48.492645263671875],[36.8583984375,48.495635986328125],[36.857452392578125,48.4981689453125],[36.85638427734375,48.500274658203125],[36.85498046875,48.50360107421875],[36.8526611328125,48.513153076171875],[36.85418701171875,48.516510009765625],[36.857452392578125,48.51873779296875],[36.87115478515625,48.5223388671875],[36.8818359375,48.52618408203125],[36.888671875,48.5301513671875],[36.8909912109375,48.533966064453125],[36.89208984375,48.537841796875],[36.890533447265625,48.559722900390625],[36.888671875,48.570343017578125],[36.887420654296875,48.5736083984375],[36.88555908203125,48.57666015625],[36.883087158203125,48.57928466796875],[36.879058837890625,48.5811767578125],[36.8681640625,48.5823974609375],[36.824432373046875,48.57977294921875],[36.81915283203125,48.5782470703125],[36.814056396484375,48.5755615234375],[36.809539794921875,48.569061279296875],[36.80718994140625,48.5640869140625],[36.800048828125,48.5421142578125],[36.797882080078125,48.5380859375],[36.795074462890625,48.5347900390625],[36.791351318359375,48.53265380859375],[36.786865234375,48.531402587890625],[36.755401611328125,48.529052734375],[36.75115966796875,48.529205322265625],[36.74853515625,48.5308837890625],[36.747283935546875,48.5338134765625],[36.746673583984375,48.539154052734375],[36.74713134765625,48.55816650390625],[36.749298095703125,48.563934326171875],[36.75323486328125,48.567352294921875],[36.757720947265625,48.569305419921875],[36.76251220703125,48.571807861328125],[36.7730712890625,48.585662841796875],[36.7764892578125,48.588134765625],[36.78515625,48.59222412109375],[36.789825439453125,48.59503173828125],[36.79058837890625,48.598052978515625],[36.78997802734375,48.6011962890625],[36.78717041015625,48.60369873046875],[36.783294677734375,48.60528564453125],[36.77850341796875,48.6055908203125],[36.743255615234375,48.601104736328125],[36.73828125,48.6015625],[36.734405517578125,48.603424072265625],[36.732086181640625,48.606048583984375],[36.730377197265625,48.609161376953125],[36.72930908203125,48.61322021484375],[36.728668212890625,48.616455078125],[36.725433349609375,48.62591552734375],[36.710845947265625,48.649566650390625],[36.708526611328125,48.66082763671875],[36.710540771484375,48.688385009765625],[36.71038818359375,48.70599365234375],[36.70928955078125,48.71441650390625],[36.693267822265625,48.758270263671875],[36.69049072265625,48.769287109375],[36.690032958984375,48.77752685546875],[36.6925048828125,48.781768798828125],[36.696990966796875,48.785888671875],[36.701690673828125,48.78814697265625],[36.70697021484375,48.789215087890625],[36.718292236328125,48.78924560546875],[36.73052978515625,48.787506103515625],[36.76068115234375,48.77685546875],[36.772918701171875,48.7745361328125],[36.820404052734375,48.77239990234375],[36.82537841796875,48.773193359375],[36.836517333984375,48.77984619140625],[36.846923828125,48.78753662109375],[36.860870361328125,48.79534912109375],[36.865570068359375,48.797119140625],[36.8748779296875,48.79949951171875],[36.885101318359375,48.8009033203125],[36.890838623046875,48.8009033203125],[36.903076171875,48.799224853515625],[36.9991455078125,48.766876220703125],[37.00146484375,48.765594482421875],[37.004425048828125,48.7635498046875],[37.008758544921875,48.761444091796875],[37.01434326171875,48.75958251953125],[37.0238037109375,48.758880615234375],[37.0289306640625,48.7607421875],[37.032470703125,48.76397705078125],[37.033721923828125,48.767913818359375],[37.03363037109375,48.771636962890625],[37.03094482421875,48.774322509765625],[37.026580810546875,48.77630615234375],[37.00518798828125,48.782684326171875],[37.001800537109375,48.78460693359375],[36.99993896484375,48.7861328125],[36.998382568359375,48.788330078125],[36.998077392578125,48.7913818359375],[36.99822998046875,48.794525146484375],[37.0008544921875,48.7984619140625],[37.01263427734375,48.810272216796875],[37.018524169921875,48.813690185546875],[37.024566650390625,48.8153076171875],[37.02984619140625,48.81427001953125],[37.0408935546875,48.810821533203125],[37.047576904296875,48.809600830078125],[37.057342529296875,48.809600830078125],[37.062774658203125,48.8116455078125],[37.06634521484375,48.814849853515625],[37.067718505859375,48.818817138671875],[37.068817138671875,48.823577880859375],[37.07037353515625,48.82867431640625],[37.07440185546875,48.835723876953125],[37.0787353515625,48.839263916015625],[37.083526611328125,48.84161376953125],[37.088714599609375,48.842376708984375],[37.094451904296875,48.8426513671875],[37.10003662109375,48.842010498046875],[37.105133056640625,48.840576171875],[37.1090087890625,48.838409423828125],[37.117401123046875,48.8304443359375],[37.120635986328125,48.827911376953125],[37.124359130859375,48.825531005859375],[37.128875732421875,48.823516845703125],[37.134124755859375,48.822174072265625],[37.139862060546875,48.821502685546875],[37.147613525390625,48.821746826171875],[37.17047119140625,48.82562255859375],[37.1771240234375,48.82830810546875],[37.18115234375,48.83148193359375],[37.18145751953125,48.8348388671875],[37.17822265625,48.852203369140625],[37.1788330078125,48.85662841796875],[37.180694580078125,48.861297607421875],[37.186126708984375,48.86712646484375],[37.191864013671875,48.869781494140625],[37.199798583984375,48.870941162109375],[37.203948974609375,48.87322998046875],[37.206939697265625,48.87615966796875],[37.21112060546875,48.885101318359375],[37.217010498046875,48.89453125],[37.22088623046875,48.897552490234375],[37.259033203125,48.915435791015625],[37.265899658203125,48.917755126953125],[37.293487548828125,48.91778564453125],[37.30511474609375,48.920196533203125],[37.31103515625,48.922943115234375],[37.3143310546875,48.926513671875],[37.314422607421875,48.9300537109375],[37.313385009765625,48.93328857421875],[37.3116455078125,48.93634033203125],[37.306365966796875,48.941864013671875],[37.30419921875,48.94476318359375],[37.302947998046875,48.947998046875],[37.303436279296875,48.951873779296875],[37.305908203125,48.959930419921875],[37.305908203125,48.96356201171875],[37.303436279296875,48.966278076171875],[37.2950439453125,48.9705810546875],[37.291961669921875,48.973114013671875],[37.29071044921875,48.97625732421875],[37.29180908203125,48.979827880859375],[37.30853271484375,48.998504638671875],[37.3143310546875,49.002899169921875],[37.319610595703125,49.005889892578125],[37.343475341796875,49.012176513671875],[37.3487548828125,49.015625],[37.351837158203125,49.019683837890625],[37.35247802734375,49.0235595703125],[37.353851318359375,49.0286865234375],[37.3568115234375,49.03472900390625],[37.364105224609375,49.044708251953125],[37.369415283203125,49.049346923828125],[37.373748779296875,49.052490234375],[37.601226806640625,49.144622802734375],[37.609619140625,49.150177001953125],[37.612396240234375,49.154541015625],[37.610382080078125,49.15728759765625],[37.59698486328125,49.1708984375],[37.593902587890625,49.17340087890625],[37.590179443359375,49.175323486328125],[37.585052490234375,49.1761474609375],[37.5633544921875,49.17529296875],[37.525482177734375,49.178436279296875],[37.51385498046875,49.180419921875],[37.508575439453125,49.18194580078125],[37.504852294921875,49.1839599609375],[37.503448486328125,49.1864013671875],[37.535308837890625,49.221435546875],[37.540985107421875,49.22515869140625],[37.54693603515625,49.227203369140625],[37.643096923828125,49.228302001953125],[37.771148681640625,49.204345703125],[37.816925048828125,49.205474853515625],[37.833831787109375,49.20751953125],[37.838958740234375,49.210418701171875],[37.841888427734375,49.214202880859375],[37.843292236328125,49.21875],[37.843902587890625,49.222259521484375],[37.847320556640625,49.231719970703125],[37.858795166015625,49.230926513671875],[37.86810302734375,49.227630615234375],[37.8797607421875,49.220855712890625],[37.886138916015625,49.215789794921875],[37.8917236328125,49.21044921875],[37.89495849609375,49.208038330078125],[37.899627685546875,49.2064208984375],[37.905364990234375,49.205413818359375],[37.92364501953125,49.20391845703125],[37.92938232421875,49.202056884765625],[37.933624267578125,49.199554443359375],[37.93402099609375,49.193634033203125],[37.930816650390625,49.191314697265625],[37.925811767578125,49.189788818359375],[37.898223876953125,49.188873291015625],[37.89404296875,49.1873779296875],[37.8912353515625,49.184478759765625],[37.889068603515625,49.180877685546875],[37.88348388671875,49.16839599609375],[37.883636474609375,49.16412353515625],[37.8865966796875,49.1602783203125],[37.895263671875,49.156280517578125],[37.938720703125,49.144622802734375],[37.9661865234375,49.132537841796875],[37.971282958984375,49.13153076171875],[37.9765625,49.13134765625]]]}},{"type":"Feature","properties":{"name":"Луганська область","name:en":"Luhansk Oblast","iso3166-2":"UA-09"},"geometry":{"type":"Polygon","coordinates":[[[38.253814697265625,50.059051513671875],[38.28118896484375,50.062408447265625],[38.299896240234375,50.06048583984375],[38.314056396484375,50.04949951171875],[38.344146728515625,49.9920654296875],[38.35601806640625,49.980560302734375],[38.37628173828125,49.97491455078125],[38.42010498046875,49.971771240234375],[38.437774658203125,49.96728515625],[38.46112060546875,49.956878662109375],[38.49749755859375,49.948150634765625],[38.570159912109375,49.956634521484375],[38.619476318359375,49.95074462890625],[38.628875732421875,49.95330810546875],[38.63775634765625,49.957183837890625],[38.662139892578125,49.962554931640625],[38.664642333984375,49.96514892578125],[38.664337158203125,49.962677001953125],[38.67279052734375,49.9429931640625],[38.67559814453125,49.927001953125],[38.68096923828125,49.91827392578125],[38.687255859375,49.913787841796875],[38.747833251953125,49.885406494140625],[38.852203369140625,49.86578369140625],[38.886322021484375,49.84515380859375],[38.9105224609375,49.820556640625],[38.9373779296875,49.803466796875],[39.032257080078125,49.807342529296875],[39.049102783203125,49.810546875],[39.068328857421875,49.821075439453125],[39.099853515625,49.85162353515625],[39.117095947265625,49.8643798828125],[39.15576171875,49.87359619140625],[39.180999755859375,49.859466552734375],[39.1827392578125,49.858489990234375],[39.238037109375,49.765106201171875],[39.2608642578125,49.7445068359375],[39.2899169921875,49.7320556640625],[39.32763671875,49.726318359375],[39.367218017578125,49.731842041015625],[39.405975341796875,49.744232177734375],[39.443603515625,49.74951171875],[39.479888916015625,49.73358154296875],[39.499114990234375,49.728118896484375],[39.5574951171875,49.723968505859375],[39.570404052734375,49.713287353515625],[39.581573486328125,49.690704345703125],[39.597381591796875,49.64794921875],[39.6229248046875,49.613433837890625],[39.6533203125,49.59979248046875],[39.68865966796875,49.59344482421875],[39.729156494140625,49.580780029296875],[39.781036376953125,49.548370361328125],[39.801513671875,49.54217529296875],[39.828704833984375,49.54144287109375],[39.859405517578125,49.5455322265625],[39.889373779296875,49.553253173828125],[39.9146728515625,49.562957763671875],[39.9739990234375,49.6025390625],[39.998077392578125,49.60821533203125],[40.017730712890625,49.60784912109375],[40.115509033203125,49.590545654296875],[40.118499755859375,49.58843994140625],[40.130706787109375,49.579803466796875],[40.12603759765625,49.55908203125],[40.11065673828125,49.545318603515625],[40.071990966796875,49.530670166015625],[40.0543212890625,49.519744873046875],[40.034881591796875,49.487030029296875],[40.0408935546875,49.455474853515625],[40.06195068359375,49.425811767578125],[40.101348876953125,49.38543701171875],[40.148040771484375,49.349578857421875],[40.159515380859375,49.33355712890625],[40.15716552734375,49.315826416015625],[40.142669677734375,49.281890869140625],[40.14166259765625,49.245758056640625],[40.134002685546875,49.23626708984375],[40.1102294921875,49.227630615234375],[40.090911865234375,49.217254638671875],[40.0577392578125,49.182769775390625],[40.03839111328125,49.16851806640625],[39.979583740234375,49.141845703125],[39.95208740234375,49.124542236328125],[39.930908203125,49.100555419921875],[39.926055908203125,49.08648681640625],[39.923370361328125,49.0579833984375],[39.918701171875,49.04779052734375],[39.907257080078125,49.042572021484375],[39.891326904296875,49.041748046875],[39.861968994140625,49.04510498046875],[39.83148193359375,49.045257568359375],[39.7489013671875,49.02618408203125],[39.698272705078125,49.028350830078125],[39.681121826171875,49.020294189453125],[39.673980712890625,48.970123291015625],[39.687530517578125,48.95758056640625],[39.707763671875,48.94879150390625],[39.7259521484375,48.93701171875],[39.739410400390625,48.918975830078125],[39.747344970703125,48.90533447265625],[39.75872802734375,48.8953857421875],[39.78228759765625,48.888427734375],[39.86187744140625,48.876434326171875],[39.896484375,48.8798828125],[39.908172607421875,48.878387451171875],[39.918609619140625,48.872467041015625],[39.9376220703125,48.856231689453125],[39.950347900390625,48.852752685546875],[39.972259521484375,48.860321044921875],[39.98992919921875,48.87567138671875],[40.00885009765625,48.8878173828125],[40.034271240234375,48.885589599609375],[40.053802490234375,48.86920166015625],[40.052764892578125,48.8497314453125],[40.0386962890625,48.829986572265625],[40.01959228515625,48.813140869140625],[39.975250244140625,48.7896728515625],[39.9349365234375,48.78668212890625],[39.82415771484375,48.81561279296875],[39.80120849609375,48.81488037109375],[39.779388427734375,48.807708740234375],[39.75933837890625,48.792816162109375],[39.751190185546875,48.7818603515625],[39.744476318359375,48.7705078125],[39.736297607421875,48.761505126953125],[39.711395263671875,48.754791259765625],[39.702911376953125,48.74658203125],[39.641845703125,48.6116943359375],[39.6317138671875,48.586883544921875],[39.670257568359375,48.58837890625],[39.690093994140625,48.593658447265625],[39.809173583984375,48.583740234375],[39.835296630859375,48.573455810546875],[39.85504150390625,48.55609130859375],[39.862701416015625,48.530059814453125],[39.86383056640625,48.522735595703125],[39.866119384765625,48.51702880859375],[39.868499755859375,48.51287841796875],[39.8695068359375,48.5098876953125],[39.865386962890625,48.50146484375],[39.855987548828125,48.499359130859375],[39.8466796875,48.49981689453125],[39.842132568359375,48.499053955078125],[39.8447265625,48.483489990234375],[39.854339599609375,48.475433349609375],[39.864776611328125,48.469818115234375],[39.89617919921875,48.42388916015625],[39.906829833984375,48.3983154296875],[39.91448974609375,48.384674072265625],[39.924102783203125,48.3760986328125],[39.901458740234375,48.361175537109375],[39.88409423828125,48.346343994140625],[39.815887451171875,48.308135986328125],[39.88482666015625,48.27899169921875],[39.905181884765625,48.2806396484375],[39.957366943359375,48.293365478515625],[39.9788818359375,48.290069580078125],[39.99322509765625,48.273223876953125],[39.99066162109375,48.25372314453125],[39.977630615234375,48.235443115234375],[39.960479736328125,48.2220458984375],[39.912628173828125,48.197662353515625],[39.893707275390625,48.182952880859375],[39.843048095703125,48.1197509765625],[39.8311767578125,48.0999755859375],[39.829010009765625,48.0767822265625],[39.84429931640625,48.045654296875],[39.84295654296875,48.036376953125],[39.84027099609375,48.03497314453125],[39.83355712890625,48.036163330078125],[39.778778076171875,48.029205322265625],[39.76812744140625,48.024322509765625],[39.759857177734375,48.014923095703125],[39.761932373046875,48.009765625],[39.77008056640625,48.00408935546875],[39.78021240234375,47.993133544921875],[39.79437255859375,47.971282958984375],[39.796142578125,47.961334228515625],[39.793975830078125,47.9456787109375],[39.79046630859375,47.937744140625],[39.779815673828125,47.922454833984375],[39.777008056640625,47.913726806640625],[39.77752685546875,47.906585693359375],[39.782073974609375,47.89288330078125],[39.78289794921875,47.88653564453125],[39.77557373046875,47.858001708984375],[39.759033203125,47.83294677734375],[39.73382568359375,47.81597900390625],[39.70074462890625,47.8115234375],[39.6005859375,47.8294677734375],[39.57000732421875,47.830902099609375],[39.50933837890625,47.82275390625],[39.479888916015625,47.82611083984375],[39.45703125,47.831268310546875],[39.4139404296875,47.823150634765625],[39.3916015625,47.822601318359375],[39.37353515625,47.828277587890625],[39.340057373046875,47.843536376953125],[39.319671630859375,47.84600830078125],[39.173553466796875,47.8370361328125],[39.13323974609375,47.82952880859375],[39.113494873046875,47.82855224609375],[39.092926025390625,47.83209228515625],[39.039093017578125,47.856903076171875],[39.036163330078125,47.85699462890625],[39.036224365234375,47.857330322265625],[39.0380859375,47.8658447265625],[39.055511474609375,47.9173583984375],[39.05499267578125,47.92376708984375],[39.05364990234375,47.93157958984375],[39.044921875,47.9356689453125],[39.04010009765625,47.938568115234375],[39.0357666015625,47.942535400390625],[39.031280517578125,47.9498291015625],[39.030975341796875,47.958770751953125],[39.03375244140625,47.991943359375],[39.031280517578125,48.00103759765625],[39.027099609375,48.006622314453125],[38.93365478515625,48.021087646484375],[38.8623046875,48.020111083984375],[38.852691650390625,48.0228271484375],[38.840118408203125,48.0279541015625],[38.814971923828125,48.04296875],[38.80535888671875,48.050445556640625],[38.80023193359375,48.056671142578125],[38.8011474609375,48.060546875],[38.802703857421875,48.064605712890625],[38.80487060546875,48.068450927734375],[38.80999755859375,48.075439453125],[38.81884765625,48.0848388671875],[38.821319580078125,48.089019775390625],[38.822723388671875,48.094268798828125],[38.8211669921875,48.10321044921875],[38.81805419921875,48.10791015625],[38.81402587890625,48.111419677734375],[38.75616455078125,48.134002685546875],[38.630462646484375,48.165924072265625],[38.609222412109375,48.17498779296875],[38.603668212890625,48.179107666015625],[38.600982666015625,48.18316650390625],[38.601470947265625,48.18701171875],[38.603668212890625,48.195068359375],[38.606536865234375,48.20318603515625],[38.607177734375,48.206939697265625],[38.6058349609375,48.21026611328125],[38.604278564453125,48.21331787109375],[38.588714599609375,48.237091064453125],[38.584228515625,48.246612548828125],[38.58111572265625,48.25689697265625],[38.57647705078125,48.26629638671875],[38.57073974609375,48.27435302734375],[38.566253662109375,48.277618408203125],[38.56097412109375,48.278839111328125],[38.46087646484375,48.27239990234375],[38.445220947265625,48.27459716796875],[38.432281494140625,48.27862548828125],[38.426727294921875,48.28204345703125],[38.423614501953125,48.285614013671875],[38.41912841796875,48.298919677734375],[38.41290283203125,48.310455322265625],[38.40997314453125,48.317718505859375],[38.40966796875,48.32110595703125],[38.409820556640625,48.324127197265625],[38.4119873046875,48.32647705078125],[38.41461181640625,48.327667236328125],[38.417572021484375,48.328338623046875],[38.46319580078125,48.333465576171875],[38.46722412109375,48.334503173828125],[38.47125244140625,48.33612060546875],[38.474822998046875,48.338287353515625],[38.47808837890625,48.34100341796875],[38.48040771484375,48.344207763671875],[38.481964111328125,48.347625732421875],[38.48272705078125,48.350738525390625],[38.48272705078125,48.35284423828125],[38.480560302734375,48.35760498046875],[38.466766357421875,48.37615966796875],[38.457000732421875,48.3856201171875],[38.435699462890625,48.3970947265625],[38.429962158203125,48.401214599609375],[38.42608642578125,48.404876708984375],[38.424530029296875,48.40802001953125],[38.423614501953125,48.411285400390625],[38.421142578125,48.41693115234375],[38.4171142578125,48.424102783203125],[38.40625,48.437347412109375],[38.39910888671875,48.442291259765625],[38.39337158203125,48.4434814453125],[38.3896484375,48.441253662109375],[38.383087158203125,48.435882568359375],[38.37957763671875,48.4337158203125],[38.375335693359375,48.432098388671875],[38.370086669921875,48.43182373046875],[38.36419677734375,48.432586669921875],[38.35101318359375,48.438201904296875],[38.34527587890625,48.439239501953125],[38.33984375,48.43939208984375],[38.3323974609375,48.4405517578125],[38.32366943359375,48.443145751953125],[38.3101806640625,48.449951171875],[38.304901123046875,48.45458984375],[38.3021240234375,48.459014892578125],[38.301971435546875,48.4664306640625],[38.302581787109375,48.474090576171875],[38.305389404296875,48.486328125],[38.308624267578125,48.494659423828125],[38.311279296875,48.49951171875],[38.3118896484375,48.500396728515625],[38.31329345703125,48.50347900390625],[38.31500244140625,48.511077880859375],[38.314849853515625,48.515411376953125],[38.31390380859375,48.520538330078125],[38.310333251953125,48.523468017578125],[38.30523681640625,48.5255126953125],[38.289886474609375,48.5279541015625],[38.27716064453125,48.531585693359375],[38.2667236328125,48.536468505859375],[38.262237548828125,48.540283203125],[38.26007080078125,48.54425048828125],[38.2603759765625,48.54803466796875],[38.261749267578125,48.5521240234375],[38.268157958984375,48.563934326171875],[38.26983642578125,48.568145751953125],[38.27001953125,48.5736083984375],[38.267852783203125,48.579803466796875],[38.255706787109375,48.600921630859375],[38.253692626953125,48.605499267578125],[38.253997802734375,48.609832763671875],[38.256195068359375,48.61773681640625],[38.25634765625,48.6207275390625],[38.25604248046875,48.622650146484375],[38.251373291015625,48.638580322265625],[38.248748779296875,48.66357421875],[38.2489013671875,48.6673583984375],[38.249969482421875,48.671112060546875],[38.2518310546875,48.674560546875],[38.25384521484375,48.67742919921875],[38.255401611328125,48.679046630859375],[38.261444091796875,48.6837158203125],[38.284149169921875,48.696929931640625],[38.30010986328125,48.711090087890625],[38.30303955078125,48.714996337890625],[38.305389404296875,48.71929931640625],[38.30645751953125,48.725372314453125],[38.3038330078125,48.728515625],[38.299346923828125,48.729766845703125],[38.2940673828125,48.72967529296875],[38.274383544921875,48.7266845703125],[38.269500732421875,48.72735595703125],[38.267547607421875,48.72991943359375],[38.26641845703125,48.73272705078125],[38.266632080078125,48.73785400390625],[38.266937255859375,48.7410888671875],[38.267974853515625,48.744873046875],[38.26971435546875,48.748779296875],[38.272369384765625,48.75225830078125],[38.28460693359375,48.76416015625],[38.290191650390625,48.770751953125],[38.294830322265625,48.7781982421875],[38.296539306640625,48.78314208984375],[38.2957763671875,48.790069580078125],[38.291748046875,48.800689697265625],[38.282745361328125,48.811676025390625],[38.27947998046875,48.8182373046875],[38.279327392578125,48.82373046875],[38.281036376953125,48.82843017578125],[38.281494140625,48.835205078125],[38.27947998046875,48.839141845703125],[38.275146484375,48.841827392578125],[38.263153076171875,48.84381103515625],[38.25726318359375,48.844146728515625],[38.243316650390625,48.84698486328125],[38.23480224609375,48.850738525390625],[38.2310791015625,48.854248046875],[38.229522705078125,48.858154296875],[38.229522705078125,48.873016357421875],[38.228118896484375,48.879913330078125],[38.22503662109375,48.889923095703125],[38.213409423828125,48.913116455078125],[38.2100830078125,48.923919677734375],[38.171173095703125,48.932037353515625],[38.0577392578125,48.937042236328125],[38.051239013671875,48.938140869140625],[38.044830322265625,48.940643310546875],[38.03521728515625,48.947113037109375],[38.028228759765625,48.95025634765625],[38.02142333984375,48.951873779296875],[38.015838623046875,48.952545166015625],[38.00994873046875,48.954254150390625],[38.008087158203125,48.957275390625],[38.008544921875,48.96112060546875],[38.010406494140625,48.9649658203125],[38.01287841796875,48.9686279296875],[38.015838623046875,48.97161865234375],[38.019561767578125,48.973785400390625],[38.024658203125,48.97454833984375],[38.036285400390625,48.974151611328125],[38.040496826171875,48.97528076171875],[38.042236328125,48.978179931640625],[38.04254150390625,48.981536865234375],[38.043182373046875,48.984893798828125],[38.044830322265625,48.9874267578125],[38.049224853515625,48.9884033203125],[38.065338134765625,48.989166259765625],[38.06982421875,48.990325927734375],[38.073699951171875,48.992340087890625],[38.0760498046875,48.99530029296875],[38.0772705078125,48.99822998046875],[38.0777587890625,48.999847412109375],[38.0777587890625,49.001220703125],[38.07757568359375,49.00360107421875],[38.048583984375,49.0498046875],[38.04266357421875,49.061798095703125],[38.041015625,49.0699462890625],[38.04388427734375,49.07281494140625],[38.05450439453125,49.08038330078125],[38.057586669921875,49.083251953125],[38.060211181640625,49.086639404296875],[38.06207275390625,49.09063720703125],[38.063323974609375,49.0947265625],[38.0628662109375,49.10198974609375],[38.062408447265625,49.10552978515625],[38.062255859375,49.109222412109375],[38.06317138671875,49.1170654296875],[38.070159912109375,49.142913818359375],[38.070465087890625,49.148040771484375],[38.066741943359375,49.150054931640625],[38.061767578125,49.150848388671875],[38.0206298828125,49.152252197265625],[38.015838623046875,49.151397705078125],[38.011505126953125,49.149658203125],[37.98541259765625,49.13409423828125],[37.981201171875,49.132232666015625],[37.9765625,49.13134765625],[37.971282958984375,49.13153076171875],[37.9661865234375,49.132537841796875],[37.938720703125,49.144622802734375],[37.895263671875,49.156280517578125],[37.8865966796875,49.1602783203125],[37.883636474609375,49.16412353515625],[37.88348388671875,49.16839599609375],[37.889068603515625,49.180877685546875],[37.8912353515625,49.184478759765625],[37.89404296875,49.1873779296875],[37.898223876953125,49.188873291015625],[37.925811767578125,49.189788818359375],[37.930816650390625,49.191314697265625],[37.93402099609375,49.193634033203125],[37.933624267578125,49.199554443359375],[37.92938232421875,49.202056884765625],[37.92364501953125,49.20391845703125],[37.905364990234375,49.205413818359375],[37.899627685546875,49.2064208984375],[37.89495849609375,49.208038330078125],[37.8917236328125,49.21044921875],[37.886138916015625,49.215789794921875],[37.8797607421875,49.220855712890625],[37.86810302734375,49.227630615234375],[37.858795166015625,49.230926513671875],[37.847320556640625,49.231719970703125],[37.871490478515625,49.2462158203125],[37.898223876953125,49.258331298828125],[37.9112548828125,49.2685546875],[37.926116943359375,49.283843994140625],[37.9290771484375,49.290924072265625],[37.929595947265625,49.296173095703125],[37.928131103515625,49.29931640625],[37.9256591796875,49.302154541015625],[37.92254638671875,49.3046875],[37.918670654296875,49.30694580078125],[37.91357421875,49.30865478515625],[37.907684326171875,49.30987548828125],[37.890167236328125,49.311553955078125],[37.885040283203125,49.31304931640625],[37.882415771484375,49.320526123046875],[37.881622314453125,49.3326416015625],[37.887054443359375,49.383270263671875],[37.885650634765625,49.390045166015625],[37.8831787109375,49.39666748046875],[37.8797607421875,49.40277099609375],[37.877288818359375,49.4056396484375],[37.867156982421875,49.41363525390625],[37.86358642578125,49.41717529296875],[37.86065673828125,49.422698974609375],[37.861572265625,49.426544189453125],[37.863739013671875,49.43023681640625],[37.8758544921875,49.4425048828125],[37.879913330078125,49.4444580078125],[37.884429931640625,49.44586181640625],[37.899627685546875,49.448028564453125],[37.905029296875,49.449737548828125],[37.91046142578125,49.45465087890625],[37.91680908203125,49.464447021484375],[37.9205322265625,49.480987548828125],[37.9256591796875,49.495880126953125],[37.92864990234375,49.499664306640625],[37.9324951171875,49.50238037109375],[37.95330810546875,49.511627197265625],[37.95794677734375,49.5146484375],[37.963226318359375,49.520111083984375],[37.9644775390625,49.524200439453125],[37.96417236328125,49.527923583984375],[37.96307373046875,49.53131103515625],[37.953155517578125,49.551025390625],[37.953155517578125,49.5560302734375],[37.956878662109375,49.558349609375],[37.962310791015625,49.56072998046875],[37.963836669921875,49.563629150390625],[37.963226318359375,49.566436767578125],[37.96075439453125,49.568939208984375],[37.954071044921875,49.57464599609375],[37.95220947265625,49.5772705078125],[37.94586181640625,49.59136962890625],[37.9444580078125,49.596771240234375],[37.945709228515625,49.599853515625],[37.947113037109375,49.601654052734375],[37.950531005859375,49.60333251953125],[37.958892822265625,49.60614013671875],[37.96368408203125,49.609466552734375],[37.968353271484375,49.614593505859375],[37.977325439453125,49.632354736328125],[37.980743408203125,49.637054443359375],[37.992889404296875,49.646270751953125],[37.998321533203125,49.652008056640625],[38.000335693359375,49.656494140625],[38.0010986328125,49.66058349609375],[38.000946044921875,49.663848876953125],[37.999725341796875,49.668426513671875],[37.999237060546875,49.680633544921875],[38.0010986328125,49.70843505859375],[38.000640869140625,49.71112060546875],[38.00018310546875,49.712646484375],[37.998321533203125,49.71551513671875],[37.996002197265625,49.71783447265625],[37.992889404296875,49.720184326171875],[37.988189697265625,49.72186279296875],[37.98291015625,49.722381591796875],[37.9776611328125,49.72186279296875],[37.95068359375,49.7144775390625],[37.946014404296875,49.714752197265625],[37.942138671875,49.717376708984375],[37.939361572265625,49.722625732421875],[37.939971923828125,49.7269287109375],[37.942138671875,49.730499267578125],[37.9542236328125,49.74298095703125],[37.960906982421875,49.748565673828125],[37.9644775390625,49.751007080078125],[37.968658447265625,49.752716064453125],[37.97393798828125,49.75323486328125],[37.998016357421875,49.7493896484375],[38.000946044921875,49.74951171875],[38.00482177734375,49.75048828125],[38.00933837890625,49.757720947265625],[38.0113525390625,49.761962890625],[38.013671875,49.76568603515625],[38.016448974609375,49.76904296875],[38.01971435546875,49.771820068359375],[38.0234375,49.774261474609375],[38.03662109375,49.779296875],[38.041015625,49.78155517578125],[38.045135498046875,49.7847900390625],[38.04534912109375,49.787841796875],[38.043487548828125,49.790679931640625],[38.0015869140625,49.812164306640625],[37.999725341796875,49.813934326171875],[37.997528076171875,49.81744384765625],[37.99847412109375,49.820343017578125],[38.000030517578125,49.8226318359375],[38.005279541015625,49.82647705078125],[38.022796630859375,49.8323974609375],[38.04266357421875,49.836181640625],[38.064727783203125,49.837310791015625],[38.070465087890625,49.838134765625],[38.075408935546875,49.839874267578125],[38.080078125,49.84307861328125],[38.080841064453125,49.84625244140625],[38.0789794921875,49.849029541015625],[38.059295654296875,49.85662841796875],[38.055267333984375,49.85882568359375],[38.051849365234375,49.861297607421875],[38.04595947265625,49.866607666015625],[38.043487548828125,49.869354248046875],[38.0274658203125,49.893829345703125],[38.024200439453125,49.90313720703125],[38.022918701171875,49.90911865234375],[38.0665283203125,49.927215576171875],[38.079132080078125,49.929901123046875],[38.090301513671875,49.92840576171875],[38.1083984375,49.920654296875],[38.1190185546875,49.919158935546875],[38.166168212890625,49.9405517578125],[38.17132568359375,49.98406982421875],[38.164093017578125,50.030364990234375],[38.173919677734375,50.06011962890625],[38.1898193359375,50.062774658203125],[38.253814697265625,50.059051513671875]]]}},{"type":"Feature","properties":{"name":"Полтавська область","name:en":"Poltava Oblast","iso3166-2":"UA-53"},"geometry":{"type":"Polygon","coordinates":[[[33.730621337890625,50.461669921875],[33.738067626953125,50.462371826171875],[33.747833251953125,50.47021484375],[33.776031494140625,50.474365234375],[33.8170166015625,50.475555419921875],[33.832672119140625,50.478729248046875],[33.841583251953125,50.48211669921875],[33.840789794921875,50.48553466796875],[33.837646484375,50.488067626953125],[33.806640625,50.50030517578125],[33.80584716796875,50.5008544921875],[33.804779052734375,50.50213623046875],[33.804473876953125,50.504486083984375],[33.806182861328125,50.50738525390625],[33.809112548828125,50.5098876953125],[33.81298828125,50.511932373046875],[33.864501953125,50.52691650390625],[33.898193359375,50.5325927734375],[33.907196044921875,50.53204345703125],[33.9130859375,50.5302734375],[33.924713134765625,50.5196533203125],[33.93804931640625,50.50982666015625],[33.970977783203125,50.493377685546875],[34.047607421875,50.470947265625],[34.054901123046875,50.47064208984375],[34.059844970703125,50.471893310546875],[34.061614990234375,50.475250244140625],[34.061309814453125,50.47869873046875],[34.060150146484375,50.482177734375],[34.059844970703125,50.485595703125],[34.06109619140625,50.489166259765625],[34.06500244140625,50.49212646484375],[34.0704345703125,50.494720458984375],[34.079132080078125,50.49725341796875],[34.087493896484375,50.496673583984375],[34.107818603515625,50.492462158203125],[34.113555908203125,50.49365234375],[34.11700439453125,50.496185302734375],[34.1180419921875,50.49993896484375],[34.1180419921875,50.500732421875],[34.116058349609375,50.507598876953125],[34.117431640625,50.5108642578125],[34.12164306640625,50.513763427734375],[34.1431884765625,50.517059326171875],[34.1494140625,50.518768310546875],[34.155914306640625,50.52197265625],[34.1649169921875,50.5252685546875],[34.18603515625,50.527618408203125],[34.1951904296875,50.5306396484375],[34.200927734375,50.534423828125],[34.203094482421875,50.538360595703125],[34.206512451171875,50.542236328125],[34.21240234375,50.542388916015625],[34.24578857421875,50.534576416015625],[34.2501220703125,50.532501220703125],[34.25244140625,50.52960205078125],[34.25274658203125,50.5260009765625],[34.249359130859375,50.505523681640625],[34.250274658203125,50.4554443359375],[34.251678466796875,50.4483642578125],[34.25445556640625,50.441802978515625],[34.25848388671875,50.43572998046875],[34.28204345703125,50.4146728515625],[34.316070556640625,50.38983154296875],[34.35968017578125,50.365814208984375],[34.366180419921875,50.36077880859375],[34.37176513671875,50.35540771484375],[34.37579345703125,50.34930419921875],[34.377349853515625,50.346038818359375],[34.377960205078125,50.342498779296875],[34.377349853515625,50.338775634765625],[34.375640869140625,50.33514404296875],[34.367431640625,50.325164794921875],[34.363250732421875,50.31744384765625],[34.362152099609375,50.3133544921875],[34.36199951171875,50.3094482421875],[34.364959716796875,50.2835693359375],[34.366485595703125,50.276702880859375],[34.369140625,50.272979736328125],[34.3731689453125,50.269012451171875],[34.38092041015625,50.26385498046875],[34.38665771484375,50.262664794921875],[34.3909912109375,50.2640380859375],[34.39361572265625,50.267242431640625],[34.397491455078125,50.27069091796875],[34.40313720703125,50.273468017578125],[34.414459228515625,50.27484130859375],[34.4212646484375,50.27398681640625],[34.426239013671875,50.272003173828125],[34.42901611328125,50.269378662109375],[34.4310302734375,50.266387939453125],[34.43212890625,50.26318359375],[34.43304443359375,50.255889892578125],[34.43414306640625,50.252105712890625],[34.43646240234375,50.248626708984375],[34.446533203125,50.242706298828125],[34.4493408203125,50.239593505859375],[34.449951171875,50.235992431640625],[34.452911376953125,50.23114013671875],[34.45867919921875,50.22564697265625],[34.495574951171875,50.208953857421875],[34.498687744140625,50.207000732421875],[34.500396728515625,50.205535888671875],[34.502410888671875,50.203277587890625],[34.505828857421875,50.19744873046875],[34.507049560546875,50.194122314453125],[34.50787353515625,50.1905517578125],[34.50799560546875,50.186798095703125],[34.507354736328125,50.182769775390625],[34.505828857421875,50.178741455078125],[34.50396728515625,50.17535400390625],[34.501312255859375,50.1728515625],[34.49945068359375,50.171295166015625],[34.49652099609375,50.16937255859375],[34.4927978515625,50.167877197265625],[34.488128662109375,50.1666259765625],[34.4658203125,50.164886474609375],[34.461944580078125,50.1630859375],[34.45947265625,50.15960693359375],[34.456207275390625,50.147003173828125],[34.456939697265625,50.142181396484375],[34.45916748046875,50.137054443359375],[34.467376708984375,50.130340576171875],[34.470794677734375,50.125823974609375],[34.47216796875,50.12164306640625],[34.4715576171875,50.117340087890625],[34.47125244140625,50.1131591796875],[34.474029541015625,50.108123779296875],[34.4779052734375,50.107208251953125],[34.48193359375,50.10797119140625],[34.496063232421875,50.116241455078125],[34.501800537109375,50.118682861328125],[34.52044677734375,50.12261962890625],[34.5362548828125,50.124420166015625],[34.63372802734375,50.114776611328125],[34.66937255859375,50.11553955078125],[34.67401123046875,50.11688232421875],[34.677886962890625,50.119049072265625],[34.681304931640625,50.12164306640625],[34.68414306640625,50.124786376953125],[34.686309814453125,50.12847900390625],[34.68817138671875,50.132415771484375],[34.690826416015625,50.140777587890625],[34.6929931640625,50.144989013671875],[34.697021484375,50.1484375],[34.704925537109375,50.15087890625],[34.710662841796875,50.150421142578125],[34.716552734375,50.14813232421875],[34.73236083984375,50.14007568359375],[34.7393798828125,50.138214111328125],[34.7451171875,50.138153076171875],[34.76312255859375,50.144012451171875],[34.787139892578125,50.156982421875],[34.8143310546875,50.1595458984375],[34.908233642578125,50.14593505859375],[34.917205810546875,50.132415771484375],[34.9178466796875,50.07733154296875],[34.91583251953125,50.064117431640625],[34.913177490234375,50.0556640625],[34.906829833984375,50.050018310546875],[34.86212158203125,50.0216064453125],[34.852813720703125,50.013214111328125],[34.842681884765625,50.00189208984375],[34.841461181640625,50.000030517578125],[34.856689453125,49.972686767578125],[34.85809326171875,49.969329833984375],[34.863983154296875,49.94232177734375],[34.86895751953125,49.93634033203125],[34.8739013671875,49.93218994140625],[34.877777099609375,49.929962158203125],[34.88818359375,49.917633056640625],[34.892822265625,49.914520263671875],[34.8985595703125,49.912384033203125],[34.917205810546875,49.90911865234375],[34.922027587890625,49.907318115234375],[34.926055908203125,49.905059814453125],[34.9356689453125,49.8975830078125],[34.943878173828125,49.893402099609375],[34.9488525390625,49.891510009765625],[34.95458984375,49.89007568359375],[34.96734619140625,49.88873291015625],[35.008575439453125,49.888885498046875],[35.01513671875,49.88665771484375],[35.022430419921875,49.88323974609375],[35.035919189453125,49.871307373046875],[35.04071044921875,49.868011474609375],[35.102935791015625,49.847625732421875],[35.115325927734375,49.84649658203125],[35.120758056640625,49.846954345703125],[35.125732421875,49.848052978515625],[35.13818359375,49.853546142578125],[35.142974853515625,49.854705810546875],[35.14825439453125,49.85528564453125],[35.154144287109375,49.85491943359375],[35.159881591796875,49.85369873046875],[35.166229248046875,49.851165771484375],[35.1829833984375,49.84051513671875],[35.18768310546875,49.8359375],[35.19110107421875,49.83197021484375],[35.193115234375,49.825225830078125],[35.193572998046875,49.8177490234375],[35.19049072265625,49.7896728515625],[35.191253662109375,49.774658203125],[35.192352294921875,49.769866943359375],[35.198394775390625,49.75384521484375],[35.202423095703125,49.747283935546875],[35.20599365234375,49.742828369140625],[35.21002197265625,49.74029541015625],[35.230316162109375,49.731536865234375],[35.23388671875,49.72784423828125],[35.23590087890625,49.72412109375],[35.237030029296875,49.711029052734375],[35.239013671875,49.704498291015625],[35.243560791015625,49.70135498046875],[35.249298095703125,49.69927978515625],[35.276885986328125,49.6961669921875],[35.28045654296875,49.69317626953125],[35.28216552734375,49.689239501953125],[35.283233642578125,49.68408203125],[35.28619384765625,49.68096923828125],[35.291290283203125,49.67926025390625],[35.34173583984375,49.669403076171875],[35.354461669921875,49.668121337890625],[35.359771728515625,49.66839599609375],[35.36334228515625,49.67022705078125],[35.365966796875,49.67352294921875],[35.369842529296875,49.68157958984375],[35.372650146484375,49.68487548828125],[35.376373291015625,49.687042236328125],[35.381317138671875,49.68804931640625],[35.41192626953125,49.68756103515625],[35.419677734375,49.686248779296875],[35.4237060546875,49.683837890625],[35.425872802734375,49.680633544921875],[35.428192138671875,49.670135498046875],[35.42864990234375,49.66680908203125],[35.428192138671875,49.663848876953125],[35.425079345703125,49.6619873046875],[35.416717529296875,49.6591796875],[35.413604736328125,49.656890869140625],[35.412994384765625,49.653717041015625],[35.4134521484375,49.65045166015625],[35.416259765625,49.643829345703125],[35.419830322265625,49.6373291015625],[35.464202880859375,49.582183837890625],[35.472747802734375,49.568572998046875],[35.475067138671875,49.56036376953125],[35.47119140625,49.5584716796875],[35.46649169921875,49.557159423828125],[35.445556640625,49.554595947265625],[35.39837646484375,49.55474853515625],[35.393402099609375,49.5533447265625],[35.390625,49.550537109375],[35.39202880859375,49.544036865234375],[35.396209716796875,49.540740966796875],[35.41595458984375,49.53375244140625],[35.4329833984375,49.52203369140625],[35.454376220703125,49.513519287109375],[35.464813232421875,49.506988525390625],[35.469329833984375,49.500518798828125],[35.46868896484375,49.498199462890625],[35.46746826171875,49.4964599609375],[35.464508056640625,49.494384765625],[35.4599609375,49.493194580078125],[35.4432373046875,49.492523193359375],[35.438262939453125,49.491485595703125],[35.434539794921875,49.489288330078125],[35.428802490234375,49.483001708984375],[35.4249267578125,49.48095703125],[35.419342041015625,49.4808349609375],[35.362701416015625,49.49072265625],[35.3568115234375,49.490814208984375],[35.3515625,49.490081787109375],[35.342193603515625,49.48760986328125],[35.326690673828125,49.4853515625],[35.322662353515625,49.483489990234375],[35.319732666015625,49.48052978515625],[35.3173828125,49.476898193359375],[35.315216064453125,49.472625732421875],[35.31365966796875,49.467803955078125],[35.31365966796875,49.461151123046875],[35.31646728515625,49.45501708984375],[35.323455810546875,49.44586181640625],[35.326385498046875,49.4388427734375],[35.33056640625,49.434661865234375],[35.3431396484375,49.43035888671875],[35.351348876953125,49.426544189453125],[35.35321044921875,49.423004150390625],[35.353118896484375,49.420166015625],[35.3494873046875,49.41510009765625],[35.34918212890625,49.4107666015625],[35.359619140625,49.400421142578125],[35.361328125,49.39593505859375],[35.36053466796875,49.391998291015625],[35.3350830078125,49.369781494140625],[35.30902099609375,49.342041015625],[35.279052734375,49.31976318359375],[35.26324462890625,49.3116455078125],[35.20953369140625,49.2943115234375],[35.1884765625,49.2919921875],[35.090240478515625,49.29718017578125],[35.0838623046875,49.29833984375],[35.073333740234375,49.3016357421875],[35.0616455078125,49.308197021484375],[35.058380126953125,49.310760498046875],[35.052978515625,49.316162109375],[35.04925537109375,49.318267822265625],[35.04443359375,49.319854736328125],[35.038848876953125,49.32049560546875],[35.033447265625,49.320220947265625],[35.02862548828125,49.319061279296875],[35.02459716796875,49.317169189453125],[34.972930908203125,49.280609130859375],[34.964080810546875,49.27154541015625],[34.95758056640625,49.261932373046875],[34.95379638671875,49.2528076171875],[34.953033447265625,49.24737548828125],[34.9534912109375,49.24285888671875],[34.95489501953125,49.239532470703125],[34.974639892578125,49.216949462890625],[34.97833251953125,49.210906982421875],[34.983306884765625,49.2003173828125],[34.987335205078125,49.189178466796875],[34.989654541015625,49.177459716796875],[34.988433837890625,49.17010498046875],[34.983917236328125,49.1636962890625],[34.954254150390625,49.17681884765625],[34.943878173828125,49.18023681640625],[34.9322509765625,49.18267822265625],[34.92620849609375,49.18304443359375],[34.920013427734375,49.181854248046875],[34.91363525390625,49.179351806640625],[34.90570068359375,49.173248291015625],[34.90216064453125,49.168304443359375],[34.899688720703125,49.16339111328125],[34.896240234375,49.154876708984375],[34.8939208984375,49.151397705078125],[34.89111328125,49.14825439453125],[34.885986328125,49.145965576171875],[34.87933349609375,49.144439697265625],[34.867401123046875,49.1448974609375],[34.8612060546875,49.146759033203125],[34.857330322265625,49.14959716796875],[34.857025146484375,49.152862548828125],[34.858245849609375,49.156097412109375],[34.86090087890625,49.158843994140625],[34.8681640625,49.163177490234375],[34.870819091796875,49.1656494140625],[34.87127685546875,49.168701171875],[34.868804931640625,49.17120361328125],[34.864776611328125,49.17340087890625],[34.836639404296875,49.180694580078125],[34.83074951171875,49.180877685546875],[34.82470703125,49.1795654296875],[34.816650390625,49.175323486328125],[34.8092041015625,49.173614501953125],[34.7840576171875,49.174560546875],[34.7783203125,49.173553466796875],[34.77008056640625,49.170745849609375],[34.76263427734375,49.1673583984375],[34.751953125,49.160400390625],[34.742340087890625,49.1519775390625],[34.735992431640625,49.149017333984375],[34.726470947265625,49.145965576171875],[34.64501953125,49.1297607421875],[34.60980224609375,49.126495361328125],[34.430419921875,49.0745849609375],[34.4195556640625,49.0775146484375],[34.41351318359375,49.077667236328125],[34.40826416015625,49.0765380859375],[34.40484619140625,49.07196044921875],[34.404693603515625,49.068359375],[34.406707763671875,49.06134033203125],[34.406402587890625,49.0574951171875],[34.4051513671875,49.05352783203125],[34.40283203125,49.05010986328125],[34.39007568359375,49.0379638671875],[34.37548828125,49.028045654296875],[34.35052490234375,49.01434326171875],[34.346954345703125,49.0115966796875],[34.344482421875,49.008514404296875],[34.343048095703125,49.00537109375],[34.343658447265625,49.002716064453125],[34.3450927734375,49.00103759765625],[34.345733642578125,49.0003662109375],[34.346954345703125,48.99993896484375],[34.352996826171875,48.999114990234375],[34.362945556640625,48.9989013671875],[34.367279052734375,48.9974365234375],[34.368682861328125,48.99456787109375],[34.367889404296875,48.991058349609375],[34.36370849609375,48.988067626953125],[34.356719970703125,48.986053466796875],[34.343658447265625,48.98504638671875],[34.3251953125,48.980865478515625],[34.314056396484375,48.974884033203125],[34.30816650390625,48.970947265625],[34.303955078125,48.967071533203125],[34.301177978515625,48.9638671875],[34.287322998046875,48.936370849609375],[34.2777099609375,48.922271728515625],[34.275848388671875,48.91845703125],[34.2742919921875,48.914306640625],[34.2724609375,48.90191650390625],[34.2724609375,48.89813232421875],[34.2730712890625,48.89447021484375],[34.2742919921875,48.891204833984375],[34.276641845703125,48.88836669921875],[34.3056640625,48.86993408203125],[34.30877685546875,48.867340087890625],[34.310943603515625,48.86444091796875],[34.312652587890625,48.861297607421875],[34.313720703125,48.857879638671875],[34.31390380859375,48.854095458984375],[34.31591796875,48.839599609375],[34.314056396484375,48.8360595703125],[34.309539794921875,48.832183837890625],[34.298553466796875,48.828369140625],[34.278167724609375,48.813201904296875],[34.275848388671875,48.809967041015625],[34.274932861328125,48.806243896484375],[34.2747802734375,48.802490234375],[34.274932861328125,48.7987060546875],[34.2764892578125,48.79547119140625],[34.279876708984375,48.79302978515625],[34.283905029296875,48.790924072265625],[34.28857421875,48.789093017578125],[34.292510986328125,48.7869873046875],[34.295135498046875,48.784393310546875],[34.295440673828125,48.78131103515625],[34.293731689453125,48.778289794921875],[34.290802001953125,48.77545166015625],[34.287628173828125,48.77276611328125],[34.265777587890625,48.7593994140625],[34.237457275390625,48.746246337890625],[34.224029541015625,48.74749755859375],[34.19256591796875,48.7735595703125],[34.161956787109375,48.78436279296875],[34.10968017578125,48.7901611328125],[34.0927734375,48.794647216796875],[34.08660888671875,48.797607421875],[34.0748291015625,48.805023193359375],[34.068878173828125,48.8074951171875],[34.06170654296875,48.808074951171875],[34.047454833984375,48.8065185546875],[34.0401611328125,48.80780029296875],[33.927978515625,48.86004638671875],[33.91943359375,48.86578369140625],[33.899749755859375,48.886260986328125],[33.891998291015625,48.8917236328125],[33.8759765625,48.89739990234375],[33.8592529296875,48.899627685546875],[33.824920654296875,48.899993896484375],[33.807403564453125,48.9034423828125],[33.778472900390625,48.922515869140625],[33.7471923828125,48.918792724609375],[33.74456787109375,48.9156494140625],[33.738677978515625,48.912811279296875],[33.7298583984375,48.91058349609375],[33.7105712890625,48.909637451171875],[33.7008056640625,48.908203125],[33.694610595703125,48.905792236328125],[33.69195556640625,48.90264892578125],[33.689788818359375,48.898773193359375],[33.685150146484375,48.881622314453125],[33.683135986328125,48.876953125],[33.680023193359375,48.8729248046875],[33.67352294921875,48.869049072265625],[33.668853759765625,48.869049072265625],[33.66668701171875,48.8712158203125],[33.665771484375,48.874481201171875],[33.66546630859375,48.8780517578125],[33.66259765625,48.884613037109375],[33.654388427734375,48.896392822265625],[33.651611328125,48.899261474609375],[33.641387939453125,48.906402587890625],[33.63330078125,48.910491943359375],[33.59698486328125,48.92236328125],[33.587677001953125,48.9228515625],[33.58148193359375,48.92144775390625],[33.570953369140625,48.908538818359375],[33.566131591796875,48.905792236328125],[33.559722900390625,48.90350341796875],[33.54840087890625,48.90185546875],[33.54266357421875,48.9029541015625],[33.54034423828125,48.90576171875],[33.534912109375,48.91033935546875],[33.524688720703125,48.91571044921875],[33.481231689453125,48.92718505859375],[33.4736328125,48.931121826171875],[33.467437744140625,48.936004638671875],[33.4564208984375,48.94171142578125],[33.425048828125,48.950897216796875],[33.41064453125,48.953582763671875],[33.401031494140625,48.9534912109375],[33.3980712890625,48.950592041015625],[33.394989013671875,48.946563720703125],[33.391265869140625,48.94281005859375],[33.383148193359375,48.93963623046875],[33.378814697265625,48.93994140625],[33.375701904296875,48.941253662109375],[33.3741455078125,48.9429931640625],[33.370758056640625,48.94598388671875],[33.365478515625,48.949310302734375],[33.348724365234375,48.95697021484375],[33.344696044921875,48.959991455078125],[33.342376708984375,48.96246337890625],[33.3402099609375,48.96527099609375],[33.323089599609375,48.9805908203125],[33.319061279296875,48.983551025390625],[33.303863525390625,48.99127197265625],[33.30078125,48.993377685546875],[33.29937744140625,48.995452880859375],[33.3013916015625,48.99725341796875],[33.310546875,49.001190185546875],[33.3134765625,49.002838134765625],[33.3162841796875,49.005218505859375],[33.318603515625,49.008453369140625],[33.31951904296875,49.012176513671875],[33.319366455078125,49.01580810546875],[33.31829833984375,49.022674560546875],[33.3192138671875,49.02557373046875],[33.3226318359375,49.02728271484375],[33.338043212890625,49.029327392578125],[33.342529296875,49.0306396484375],[33.345947265625,49.03265380859375],[33.34716796875,49.0360107421875],[33.346405029296875,49.039520263671875],[33.34161376953125,49.04400634765625],[33.317352294921875,49.048583984375],[33.3094482421875,49.0509033203125],[33.30511474609375,49.05450439453125],[33.3013916015625,49.063232421875],[33.29705810546875,49.064849853515625],[33.2041015625,49.070892333984375],[33.1966552734375,49.074737548828125],[33.191986083984375,49.077972412109375],[33.180999755859375,49.089813232421875],[33.179290771484375,49.09234619140625],[33.177886962890625,49.09527587890625],[33.17401123046875,49.101318359375],[33.155670166015625,49.12060546875],[33.149322509765625,49.1256103515625],[33.14202880859375,49.130218505859375],[33.0382080078125,49.18194580078125],[32.788726806640625,49.26177978515625],[32.7926025390625,49.308807373046875],[32.79180908203125,49.326202392578125],[32.789337158203125,49.3338623046875],[32.747589111328125,49.4061279296875],[32.742919921875,49.411865234375],[32.703948974609375,49.44549560546875],[32.6971435546875,49.4501953125],[32.6873779296875,49.45989990234375],[32.678680419921875,49.47088623046875],[32.6759033203125,49.47711181640625],[32.6759033203125,49.48187255859375],[32.715423583984375,49.52520751953125],[32.718536376953125,49.527923583984375],[32.72216796875,49.530303955078125],[32.726043701171875,49.53240966796875],[32.74774169921875,49.540771484375],[32.7509765625,49.543121337890625],[32.75439453125,49.547149658203125],[32.757354736328125,49.553070068359375],[32.759674072265625,49.564300537109375],[32.75982666015625,49.57061767578125],[32.75921630859375,49.57562255859375],[32.7520751953125,49.59381103515625],[32.748809814453125,49.597625732421875],[32.74542236328125,49.60076904296875],[32.719207763671875,49.612762451171875],[32.714813232421875,49.615936279296875],[32.710784912109375,49.619964599609375],[32.705657958984375,49.6270751953125],[32.703643798828125,49.632110595703125],[32.700714111328125,49.660980224609375],[32.69744873046875,49.667327880859375],[32.692962646484375,49.671630859375],[32.584320068359375,49.698760986328125],[32.578582763671875,49.701507568359375],[32.57147216796875,49.70587158203125],[32.5689697265625,49.7100830078125],[32.567596435546875,49.71417236328125],[32.569610595703125,49.739959716796875],[32.569610595703125,49.7464599609375],[32.568359375,49.7572021484375],[32.565887451171875,49.762725830078125],[32.562469482421875,49.766571044921875],[32.52972412109375,49.78326416015625],[32.525054931640625,49.784271240234375],[32.520263671875,49.7838134765625],[32.51171875,49.78076171875],[32.50738525390625,49.7799072265625],[32.503509521484375,49.779998779296875],[32.500396728515625,49.78179931640625],[32.4979248046875,49.784027099609375],[32.49383544921875,49.788787841796875],[32.486572265625,49.795074462890625],[32.472747802734375,49.804595947265625],[32.4688720703125,49.806549072265625],[32.463775634765625,49.8077392578125],[32.458648681640625,49.8077392578125],[32.454010009765625,49.8067626953125],[32.44500732421875,49.8038330078125],[32.440216064453125,49.8031005859375],[32.43524169921875,49.803741455078125],[32.430999755859375,49.80517578125],[32.4271240234375,49.807220458984375],[32.408233642578125,49.82232666015625],[32.3726806640625,49.863616943359375],[32.366455078125,49.873748779296875],[32.36383056640625,49.881072998046875],[32.365692138671875,49.8846435546875],[32.368621826171875,49.887481689453125],[32.3726806640625,49.889404296875],[32.377471923828125,49.890411376953125],[32.382781982421875,49.890106201171875],[32.39178466796875,49.88739013671875],[32.3961181640625,49.8868408203125],[32.400146484375,49.887786865234375],[32.4041748046875,49.889617919921875],[32.407135009765625,49.8934326171875],[32.40899658203125,49.898651123046875],[32.406524658203125,49.916412353515625],[32.4063720703125,49.92205810546875],[32.406982421875,49.92608642578125],[32.415191650390625,49.94671630859375],[32.41644287109375,49.95220947265625],[32.416900634765625,49.9583740234375],[32.4156494140625,49.96746826171875],[32.413177490234375,49.97222900390625],[32.40899658203125,49.97552490234375],[32.385284423828125,49.9847412109375],[32.381195068359375,49.98699951171875],[32.374359130859375,49.993988037109375],[32.32940673828125,50.0517578125],[32.323944091796875,50.0531005859375],[32.318817138671875,50.052947998046875],[32.3040771484375,50.0496826171875],[32.29852294921875,50.04962158203125],[32.292938232421875,50.05035400390625],[32.269683837890625,50.056304931640625],[32.26312255859375,50.058746337890625],[32.255035400390625,50.062835693359375],[32.252410888671875,50.066864013671875],[32.231475830078125,50.112060546875],[32.230560302734375,50.11859130859375],[32.233642578125,50.120391845703125],[32.267608642578125,50.12799072265625],[32.271697998046875,50.13134765625],[32.274627685546875,50.1363525390625],[32.273712158203125,50.148193359375],[32.27215576171875,50.1533203125],[32.269683837890625,50.156829833984375],[32.26263427734375,50.160552978515625],[32.25830078125,50.161895751953125],[32.2542724609375,50.161895751953125],[32.25054931640625,50.160858154296875],[32.244964599609375,50.158355712890625],[32.2381591796875,50.154327392578125],[32.2301025390625,50.150421142578125],[32.22125244140625,50.147247314453125],[32.2158203125,50.14752197265625],[32.20941162109375,50.149993896484375],[32.19158935546875,50.166473388671875],[32.1895751953125,50.16778564453125],[32.186004638671875,50.16943359375],[32.175018310546875,50.17218017578125],[32.154541015625,50.175048828125],[32.1478271484375,50.17718505859375],[32.14068603515625,50.182281494140625],[32.137115478515625,50.187347412109375],[32.1346435546875,50.194610595703125],[32.132171630859375,50.19873046875],[32.129058837890625,50.20208740234375],[32.1248779296875,50.204833984375],[32.111541748046875,50.21649169921875],[32.105499267578125,50.226959228515625],[32.09954833984375,50.23345947265625],[32.0946044921875,50.236907958984375],[32.08917236328125,50.23785400390625],[32.07940673828125,50.23724365234375],[32.069488525390625,50.238677978515625],[32.095733642578125,50.263427734375],[32.097991943359375,50.266693115234375],[32.10101318359375,50.27227783203125],[32.100189208984375,50.275482177734375],[32.097991943359375,50.27862548828125],[32.09521484375,50.281585693359375],[32.093353271484375,50.2855224609375],[32.09490966796875,50.288543701171875],[32.09893798828125,50.291290283203125],[32.114349365234375,50.3060302734375],[32.139129638671875,50.35009765625],[32.199188232421875,50.3504638671875],[32.203826904296875,50.3487548828125],[32.211578369140625,50.344482421875],[32.21661376953125,50.343048095703125],[32.22357177734375,50.343231201171875],[32.231475830078125,50.345245361328125],[32.243255615234375,50.35076904296875],[32.2542724609375,50.3583984375],[32.274017333984375,50.379791259765625],[32.280517578125,50.38507080078125],[32.284088134765625,50.38720703125],[32.28826904296875,50.38916015625],[32.350189208984375,50.407867431640625],[32.37591552734375,50.408905029296875],[32.382781982421875,50.4075927734375],[32.3863525390625,50.40570068359375],[32.393035888671875,50.400787353515625],[32.39581298828125,50.398162841796875],[32.40264892578125,50.393341064453125],[32.406982421875,50.392059326171875],[32.412872314453125,50.392822265625],[32.44268798828125,50.406890869140625],[32.45013427734375,50.40826416015625],[32.464080810546875,50.40826416015625],[32.4716796875,50.407501220703125],[32.476959228515625,50.4063720703125],[32.4803466796875,50.40435791015625],[32.483154296875,50.4017333984375],[32.486572265625,50.3955078125],[32.48785400390625,50.39215087890625],[32.489501953125,50.38873291015625],[32.490753173828125,50.3853759765625],[32.494049072265625,50.378692626953125],[32.498382568359375,50.37335205078125],[32.500396728515625,50.37164306640625],[32.503204345703125,50.37017822265625],[32.52630615234375,50.365631103515625],[32.627960205078125,50.3626708984375],[32.666595458984375,50.36785888671875],[32.67620849609375,50.3675537109375],[32.681640625,50.365631103515625],[32.68365478515625,50.3624267578125],[32.6856689453125,50.3597412109375],[32.690948486328125,50.35833740234375],[32.727264404296875,50.357879638671875],[32.8121337890625,50.3880615234375],[32.82830810546875,50.390899658203125],[32.863189697265625,50.39276123046875],[32.8734130859375,50.39483642578125],[32.87835693359375,50.397430419921875],[32.883392333984375,50.40130615234375],[32.888824462890625,50.409820556640625],[32.89471435546875,50.42083740234375],[32.899200439453125,50.42510986328125],[32.905853271484375,50.429473876953125],[32.928497314453125,50.4383544921875],[32.946075439453125,50.44189453125],[32.95086669921875,50.4442138671875],[32.9552001953125,50.447601318359375],[32.9620361328125,50.459686279296875],[32.9666748046875,50.464447021484375],[32.972564697265625,50.468414306640625],[32.98468017578125,50.473541259765625],[33.00921630859375,50.47998046875],[33.0238037109375,50.4915771484375],[33.0615234375,50.53839111328125],[33.098114013671875,50.5245361328125],[33.194000244140625,50.517303466796875],[33.205963134765625,50.51824951171875],[33.2093505859375,50.520751953125],[33.212158203125,50.52398681640625],[33.2144775390625,50.527496337890625],[33.216339111328125,50.53131103515625],[33.22259521484375,50.53582763671875],[33.23358154296875,50.540252685546875],[33.260894775390625,50.54559326171875],[33.274871826171875,50.546600341796875],[33.284820556640625,50.54595947265625],[33.289154052734375,50.543975830078125],[33.292388916015625,50.54156494140625],[33.2979736328125,50.5384521484375],[33.3060302734375,50.5350341796875],[33.333160400390625,50.527801513671875],[33.340057373046875,50.52520751953125],[33.644927978515625,50.485443115234375],[33.72064208984375,50.462646484375],[33.730621337890625,50.461669921875]]]}},{"type":"Feature","properties":{"name":"Сумська область","name:en":"Sumy Oblast","iso3166-2":"UA-59"},"geometry":{"type":"Polygon","coordinates":[[[34.246002197265625,51.875457763671875],[34.264892578125,51.881195068359375],[34.27667236328125,51.8812255859375],[34.2945556640625,51.873870849609375],[34.327728271484375,51.850494384765625],[34.347259521484375,51.8416748046875],[34.37109375,51.8267822265625],[34.385711669921875,51.817657470703125],[34.412689208984375,51.777679443359375],[34.414154052734375,51.7364501953125],[34.376312255859375,51.708587646484375],[34.35687255859375,51.705535888671875],[34.298187255859375,51.706146240234375],[34.127960205078125,51.68072509765625],[34.089111328125,51.666595458984375],[34.079498291015625,51.643096923828125],[34.09063720703125,51.6331787109375],[34.126007080078125,51.626983642578125],[34.140045166015625,51.621185302734375],[34.144500732421875,51.61376953125],[34.148834228515625,51.59320068359375],[34.152984619140625,51.583953857421875],[34.160308837890625,51.57611083984375],[34.202362060546875,51.546142578125],[34.21539306640625,51.531982421875],[34.223663330078125,51.514739990234375],[34.225921630859375,51.49285888671875],[34.2237548828125,51.48236083984375],[34.214996337890625,51.46466064453125],[34.21209716796875,51.45501708984375],[34.213226318359375,51.444793701171875],[34.217041015625,51.43603515625],[34.219635009765625,51.42724609375],[34.217041015625,51.41705322265625],[34.208770751953125,51.41143798828125],[34.186981201171875,51.408294677734375],[34.181915283203125,51.402313232421875],[34.185821533203125,51.394134521484375],[34.195953369140625,51.3856201171875],[34.2156982421875,51.373748779296875],[34.230499267578125,51.367645263671875],[34.247344970703125,51.3634033203125],[34.264373779296875,51.3612060546875],[34.280303955078125,51.361236572265625],[34.300140380859375,51.368377685546875],[34.3087158203125,51.3345947265625],[34.283599853515625,51.30120849609375],[34.243927001953125,51.274078369140625],[34.185943603515625,51.2489013671875],[34.25787353515625,51.22955322265625],[34.28173828125,51.226409912109375],[34.299530029296875,51.23162841796875],[34.336944580078125,51.251129150390625],[34.37176513671875,51.2568359375],[34.408966064453125,51.25311279296875],[34.480377197265625,51.236968994140625],[34.513458251953125,51.22955322265625],[34.578155517578125,51.236663818359375],[34.60833740234375,51.233978271484375],[34.622406005859375,51.2247314453125],[34.628509521484375,51.2110595703125],[34.633148193359375,51.195587158203125],[34.64276123046875,51.18060302734375],[34.657440185546875,51.171630859375],[34.674896240234375,51.16766357421875],[34.748077392578125,51.164703369140625],[34.817535400390625,51.174713134765625],[34.89959716796875,51.196441650390625],[34.94610595703125,51.214263916015625],[34.961822509765625,51.215301513671875],[34.980316162109375,51.20953369140625],[34.999420166015625,51.20208740234375],[35.018768310546875,51.20452880859375],[35.0386962890625,51.21014404296875],[35.05938720703125,51.212310791015625],[35.078704833984375,51.207611083984375],[35.09130859375,51.197662353515625],[35.099151611328125,51.18316650390625],[35.123748779296875,51.09130859375],[35.14361572265625,51.0584716796875],[35.17254638671875,51.040618896484375],[35.206451416015625,51.038909912109375],[35.27423095703125,51.04876708984375],[35.30865478515625,51.04730224609375],[35.328399658203125,51.04315185546875],[35.34637451171875,51.036590576171875],[35.355072021484375,51.02557373046875],[35.346710205078125,51.00823974609375],[35.332550048828125,50.999908447265625],[35.278076171875,50.992645263671875],[35.282196044921875,50.981536865234375],[35.282196044921875,50.961090087890625],[35.282196044921875,50.954254150390625],[35.2847900390625,50.944305419921875],[35.2935791015625,50.937591552734375],[35.317138671875,50.9342041015625],[35.329132080078125,50.9290771484375],[35.34173583984375,50.91583251953125],[35.342987060546875,50.90411376953125],[35.34039306640625,50.891815185546875],[35.3414306640625,50.87646484375],[35.348541259765625,50.86376953125],[35.3690185546875,50.846038818359375],[35.377716064453125,50.833740234375],[35.379669189453125,50.819580078125],[35.37738037109375,50.807525634765625],[35.379058837890625,50.79718017578125],[35.393096923828125,50.788360595703125],[35.418212890625,50.778900146484375],[35.42938232421875,50.772125244140625],[35.4384765625,50.762359619140625],[35.447052001953125,50.73431396484375],[35.443756103515625,50.709442138671875],[35.445404052734375,50.6875],[35.4688720703125,50.66851806640625],[35.39154052734375,50.6463623046875],[35.37615966796875,50.63458251953125],[35.377716064453125,50.621795654296875],[35.42523193359375,50.500457763671875],[35.446441650390625,50.47601318359375],[35.480133056640625,50.466888427734375],[35.501922607421875,50.46429443359375],[35.522705078125,50.459503173828125],[35.540802001953125,50.450042724609375],[35.55462646484375,50.4332275390625],[35.562286376953125,50.40960693359375],[35.5638427734375,50.39178466796875],[35.57012939453125,50.376434326171875],[35.5921630859375,50.3604736328125],[35.61138916015625,50.3516845703125],[35.63153076171875,50.344970703125],[35.652099609375,50.341094970703125],[35.673187255859375,50.340179443359375],[35.69219970703125,50.344146728515625],[35.690765380859375,50.33831787109375],[35.689300537109375,50.33465576171875],[35.687042236328125,50.330413818359375],[35.684234619140625,50.326934814453125],[35.68109130859375,50.32403564453125],[35.6773681640625,50.321746826171875],[35.6710205078125,50.319915771484375],[35.6624755859375,50.31866455078125],[35.646209716796875,50.31829833984375],[35.62725830078125,50.31988525390625],[35.595458984375,50.325897216796875],[35.587860107421875,50.325439453125],[35.57757568359375,50.3238525390625],[35.561767578125,50.318939208984375],[35.532470703125,50.3172607421875],[35.500640869140625,50.321441650390625],[35.498016357421875,50.32080078125],[35.49566650390625,50.318939208984375],[35.496307373046875,50.315093994140625],[35.498321533203125,50.3123779296875],[35.505615234375,50.306427001953125],[35.5074462890625,50.303802490234375],[35.506683349609375,50.3013916015625],[35.50250244140625,50.300323486328125],[35.493804931640625,50.3021240234375],[35.426025390625,50.329620361328125],[35.4151611328125,50.332794189453125],[35.408905029296875,50.333648681640625],[35.402862548828125,50.333648681640625],[35.39727783203125,50.33233642578125],[35.39324951171875,50.329620361328125],[35.39093017578125,50.32379150390625],[35.390625,50.319427490234375],[35.39093017578125,50.3038330078125],[35.390472412109375,50.300018310546875],[35.388763427734375,50.29620361328125],[35.385345458984375,50.2935791015625],[35.380401611328125,50.29217529296875],[35.37249755859375,50.29296875],[35.366424560546875,50.29449462890625],[35.34173583984375,50.3038330078125],[35.336456298828125,50.30523681640625],[35.32916259765625,50.30462646484375],[35.32080078125,50.302001953125],[35.308258056640625,50.29412841796875],[35.305908203125,50.289581298828125],[35.306396484375,50.2857666015625],[35.309326171875,50.28338623046875],[35.311492919921875,50.28094482421875],[35.31134033203125,50.278717041015625],[35.308868408203125,50.276397705078125],[35.304534912109375,50.274749755859375],[35.298431396484375,50.273712158203125],[35.26898193359375,50.2783203125],[35.26446533203125,50.27734375],[35.259674072265625,50.274993896484375],[35.252532958984375,50.2689208984375],[35.249603271484375,50.2645263671875],[35.2491455078125,50.260498046875],[35.2503662109375,50.25732421875],[35.2537841796875,50.25103759765625],[35.25469970703125,50.247528076171875],[35.25469970703125,50.24420166015625],[35.253021240234375,50.240936279296875],[35.249755859375,50.23846435546875],[35.241790771484375,50.236083984375],[35.20599365234375,50.231658935546875],[35.194671630859375,50.232330322265625],[35.186767578125,50.23382568359375],[35.18206787109375,50.23583984375],[35.1611328125,50.24261474609375],[35.148406982421875,50.244354248046875],[35.1353759765625,50.2449951171875],[35.127899169921875,50.243194580078125],[35.12030029296875,50.239715576171875],[35.109130859375,50.230712890625],[35.104034423828125,50.224639892578125],[35.1004638671875,50.2193603515625],[35.098602294921875,50.215057373046875],[35.096435546875,50.21124267578125],[35.093017578125,50.208465576171875],[35.08868408203125,50.20709228515625],[35.081695556640625,50.208770751953125],[35.067230224609375,50.2149658203125],[35.05963134765625,50.213653564453125],[35.05126953125,50.20953369140625],[35.037628173828125,50.198516845703125],[35.034515380859375,50.19268798828125],[35.034210205078125,50.188018798828125],[35.035919189453125,50.18499755859375],[35.03668212890625,50.181793212890625],[35.0357666015625,50.178253173828125],[35.033905029296875,50.174652099609375],[35.03033447265625,50.17181396484375],[35.025054931640625,50.170562744140625],[35.015869140625,50.172119140625],[35.0050048828125,50.17626953125],[34.991973876953125,50.182647705078125],[34.98516845703125,50.187347412109375],[34.982391357421875,50.18994140625],[34.97943115234375,50.19195556640625],[34.975250244140625,50.19195556640625],[34.970123291015625,50.189361572265625],[34.961395263671875,50.1761474609375],[34.957275390625,50.166839599609375],[34.95086669921875,50.162139892578125],[34.9454345703125,50.158843994140625],[34.908233642578125,50.14593505859375],[34.8143310546875,50.1595458984375],[34.787139892578125,50.156982421875],[34.76312255859375,50.144012451171875],[34.7451171875,50.138153076171875],[34.7393798828125,50.138214111328125],[34.73236083984375,50.14007568359375],[34.716552734375,50.14813232421875],[34.710662841796875,50.150421142578125],[34.704925537109375,50.15087890625],[34.697021484375,50.1484375],[34.6929931640625,50.144989013671875],[34.690826416015625,50.140777587890625],[34.68817138671875,50.132415771484375],[34.686309814453125,50.12847900390625],[34.68414306640625,50.124786376953125],[34.681304931640625,50.12164306640625],[34.677886962890625,50.119049072265625],[34.67401123046875,50.11688232421875],[34.66937255859375,50.11553955078125],[34.63372802734375,50.114776611328125],[34.5362548828125,50.124420166015625],[34.52044677734375,50.12261962890625],[34.501800537109375,50.118682861328125],[34.496063232421875,50.116241455078125],[34.48193359375,50.10797119140625],[34.4779052734375,50.107208251953125],[34.474029541015625,50.108123779296875],[34.47125244140625,50.1131591796875],[34.4715576171875,50.117340087890625],[34.47216796875,50.12164306640625],[34.470794677734375,50.125823974609375],[34.467376708984375,50.130340576171875],[34.45916748046875,50.137054443359375],[34.456939697265625,50.142181396484375],[34.456207275390625,50.147003173828125],[34.45947265625,50.15960693359375],[34.461944580078125,50.1630859375],[34.4658203125,50.164886474609375],[34.488128662109375,50.1666259765625],[34.4927978515625,50.167877197265625],[34.49652099609375,50.16937255859375],[34.49945068359375,50.171295166015625],[34.501312255859375,50.1728515625],[34.50396728515625,50.17535400390625],[34.505828857421875,50.178741455078125],[34.507354736328125,50.182769775390625],[34.50799560546875,50.186798095703125],[34.50787353515625,50.1905517578125],[34.507049560546875,50.194122314453125],[34.505828857421875,50.19744873046875],[34.502410888671875,50.203277587890625],[34.500396728515625,50.205535888671875],[34.498687744140625,50.207000732421875],[34.495574951171875,50.208953857421875],[34.45867919921875,50.22564697265625],[34.452911376953125,50.23114013671875],[34.449951171875,50.235992431640625],[34.4493408203125,50.239593505859375],[34.446533203125,50.242706298828125],[34.43646240234375,50.248626708984375],[34.43414306640625,50.252105712890625],[34.43304443359375,50.255889892578125],[34.43212890625,50.26318359375],[34.4310302734375,50.266387939453125],[34.42901611328125,50.269378662109375],[34.426239013671875,50.272003173828125],[34.4212646484375,50.27398681640625],[34.414459228515625,50.27484130859375],[34.40313720703125,50.273468017578125],[34.397491455078125,50.27069091796875],[34.39361572265625,50.267242431640625],[34.3909912109375,50.2640380859375],[34.38665771484375,50.262664794921875],[34.38092041015625,50.26385498046875],[34.3731689453125,50.269012451171875],[34.369140625,50.272979736328125],[34.366485595703125,50.276702880859375],[34.364959716796875,50.2835693359375],[34.36199951171875,50.3094482421875],[34.362152099609375,50.3133544921875],[34.363250732421875,50.31744384765625],[34.367431640625,50.325164794921875],[34.375640869140625,50.33514404296875],[34.377349853515625,50.338775634765625],[34.377960205078125,50.342498779296875],[34.377349853515625,50.346038818359375],[34.37579345703125,50.34930419921875],[34.37176513671875,50.35540771484375],[34.366180419921875,50.36077880859375],[34.35968017578125,50.365814208984375],[34.316070556640625,50.38983154296875],[34.28204345703125,50.4146728515625],[34.25848388671875,50.43572998046875],[34.25445556640625,50.441802978515625],[34.251678466796875,50.4483642578125],[34.250274658203125,50.4554443359375],[34.249359130859375,50.505523681640625],[34.25274658203125,50.5260009765625],[34.25244140625,50.52960205078125],[34.2501220703125,50.532501220703125],[34.24578857421875,50.534576416015625],[34.21240234375,50.542388916015625],[34.206512451171875,50.542236328125],[34.203094482421875,50.538360595703125],[34.200927734375,50.534423828125],[34.1951904296875,50.5306396484375],[34.18603515625,50.527618408203125],[34.1649169921875,50.5252685546875],[34.155914306640625,50.52197265625],[34.1494140625,50.518768310546875],[34.1431884765625,50.517059326171875],[34.12164306640625,50.513763427734375],[34.117431640625,50.5108642578125],[34.116058349609375,50.507598876953125],[34.1180419921875,50.500732421875],[34.1180419921875,50.49993896484375],[34.11700439453125,50.496185302734375],[34.113555908203125,50.49365234375],[34.107818603515625,50.492462158203125],[34.087493896484375,50.496673583984375],[34.079132080078125,50.49725341796875],[34.0704345703125,50.494720458984375],[34.06500244140625,50.49212646484375],[34.06109619140625,50.489166259765625],[34.059844970703125,50.485595703125],[34.060150146484375,50.482177734375],[34.061309814453125,50.47869873046875],[34.061614990234375,50.475250244140625],[34.059844970703125,50.471893310546875],[34.054901123046875,50.47064208984375],[34.047607421875,50.470947265625],[33.970977783203125,50.493377685546875],[33.93804931640625,50.50982666015625],[33.924713134765625,50.5196533203125],[33.9130859375,50.5302734375],[33.907196044921875,50.53204345703125],[33.898193359375,50.5325927734375],[33.864501953125,50.52691650390625],[33.81298828125,50.511932373046875],[33.809112548828125,50.5098876953125],[33.806182861328125,50.50738525390625],[33.804473876953125,50.504486083984375],[33.804779052734375,50.50213623046875],[33.80584716796875,50.5008544921875],[33.806640625,50.50030517578125],[33.837646484375,50.488067626953125],[33.840789794921875,50.48553466796875],[33.841583251953125,50.48211669921875],[33.832672119140625,50.478729248046875],[33.8170166015625,50.475555419921875],[33.776031494140625,50.474365234375],[33.747833251953125,50.47021484375],[33.738067626953125,50.462371826171875],[33.730621337890625,50.461669921875],[33.72064208984375,50.462646484375],[33.644927978515625,50.485443115234375],[33.340057373046875,50.52520751953125],[33.333160400390625,50.527801513671875],[33.3060302734375,50.5350341796875],[33.2979736328125,50.5384521484375],[33.292388916015625,50.54156494140625],[33.289154052734375,50.543975830078125],[33.284820556640625,50.54595947265625],[33.274871826171875,50.546600341796875],[33.260894775390625,50.54559326171875],[33.23358154296875,50.540252685546875],[33.22259521484375,50.53582763671875],[33.216339111328125,50.53131103515625],[33.2144775390625,50.527496337890625],[33.212158203125,50.52398681640625],[33.2093505859375,50.520751953125],[33.205963134765625,50.51824951171875],[33.194000244140625,50.517303466796875],[33.098114013671875,50.5245361328125],[33.0615234375,50.53839111328125],[33.095458984375,50.601898193359375],[33.10467529296875,50.625213623046875],[33.106536865234375,50.637603759765625],[33.106536865234375,50.641998291015625],[33.105377197265625,50.645416259765625],[33.102294921875,50.653778076171875],[33.101348876953125,50.66015625],[33.1029052734375,50.663970947265625],[33.106536865234375,50.666656494140625],[33.11737060546875,50.671142578125],[33.124053955078125,50.675537109375],[33.126678466796875,50.6796875],[33.1279296875,50.68377685546875],[33.1285400390625,50.69927978515625],[33.13055419921875,50.7100830078125],[33.1348876953125,50.716461181640625],[33.140625,50.72113037109375],[33.147918701171875,50.72442626953125],[33.155670166015625,50.72882080078125],[33.164398193359375,50.736358642578125],[33.1669921875,50.74298095703125],[33.1669921875,50.7491455078125],[33.16387939453125,50.753570556640625],[33.1578369140625,50.75689697265625],[33.15069580078125,50.759124755859375],[33.13800048828125,50.76519775390625],[33.1285400390625,50.77276611328125],[33.1251220703125,50.77691650390625],[33.122955322265625,50.784576416015625],[33.122039794921875,50.794769287109375],[33.12249755859375,50.813446044921875],[33.124359130859375,50.823760986328125],[33.1474609375,50.8812255859375],[33.15069580078125,50.88592529296875],[33.1544189453125,50.889251708984375],[33.157989501953125,50.8912353515625],[33.164093017578125,50.892913818359375],[33.170745849609375,50.895904541015625],[33.179290771484375,50.9044189453125],[33.182373046875,50.911773681640625],[33.183929443359375,50.91754150390625],[33.1834716796875,50.925445556640625],[33.182861328125,50.929046630859375],[33.1834716796875,50.95147705078125],[33.18658447265625,50.961944580078125],[33.185028076171875,50.967498779296875],[33.18206787109375,50.970916748046875],[33.161712646484375,50.9820556640625],[33.157989501953125,50.985076904296875],[33.155059814453125,50.989471435546875],[33.154876708984375,50.993682861328125],[33.155517578125,50.997344970703125],[33.157379150390625,51.000244140625],[33.173095703125,51.01165771484375],[33.176971435546875,51.013763427734375],[33.18377685546875,51.0185546875],[33.198822021484375,51.03631591796875],[33.206878662109375,51.04833984375],[33.205780029296875,51.05230712890625],[33.201751708984375,51.054901123046875],[33.190765380859375,51.058074951171875],[33.178497314453125,51.060272216796875],[33.173248291015625,51.060089111328125],[33.169677734375,51.0577392578125],[33.14947509765625,51.03021240234375],[33.14605712890625,51.027374267578125],[33.141876220703125,51.025543212890625],[33.136138916015625,51.024871826171875],[33.083831787109375,51.03240966796875],[33.062896728515625,51.0389404296875],[33.0531005859375,51.04302978515625],[33.04864501953125,51.045654296875],[33.0439453125,51.049163818359375],[33.043182373046875,51.052642822265625],[33.045196533203125,51.055328369140625],[33.059356689453125,51.061798095703125],[33.06475830078125,51.0662841796875],[33.066009521484375,51.070068359375],[33.0650634765625,51.073638916015625],[33.06243896484375,51.07623291015625],[33.058563232421875,51.0780029296875],[33.0537109375,51.07830810546875],[33.033233642578125,51.07470703125],[33.02703857421875,51.0750732421875],[33.021148681640625,51.07598876953125],[32.98297119140625,51.08740234375],[32.94451904296875,51.09478759765625],[32.93951416015625,51.097320556640625],[32.9398193359375,51.10040283203125],[32.941375732421875,51.10369873046875],[32.964813232421875,51.12921142578125],[32.96746826171875,51.13336181640625],[32.97039794921875,51.139801025390625],[32.969482421875,51.144287109375],[32.9666748046875,51.15032958984375],[32.9620361328125,51.15863037109375],[32.961578369140625,51.172149658203125],[32.963287353515625,51.178314208984375],[32.96746826171875,51.18212890625],[33.018829345703125,51.192474365234375],[33.023468017578125,51.195037841796875],[33.027679443359375,51.198089599609375],[33.03076171875,51.20587158203125],[33.03106689453125,51.211883544921875],[33.02935791015625,51.2236328125],[33.030609130859375,51.22955322265625],[33.033233642578125,51.233489990234375],[33.0615234375,51.2425537109375],[33.066162109375,51.245086669921875],[33.0701904296875,51.2489013671875],[33.07080078125,51.252410888671875],[33.069580078125,51.256622314453125],[33.06414794921875,51.268951416015625],[33.064910888671875,51.27374267578125],[33.067413330078125,51.27777099609375],[33.070648193359375,51.28106689453125],[33.0736083984375,51.285064697265625],[33.073150634765625,51.28839111328125],[33.070648193359375,51.29107666015625],[33.05810546875,51.298309326171875],[33.0537109375,51.30169677734375],[33.04937744140625,51.3072509765625],[33.049896240234375,51.312652587890625],[33.051849365234375,51.318389892578125],[33.055633544921875,51.326812744140625],[33.05609130859375,51.33172607421875],[33.055145263671875,51.3359375],[33.05267333984375,51.338714599609375],[33.049072265625,51.34088134765625],[33.04425048828125,51.34185791015625],[33.03277587890625,51.341644287109375],[33.02734375,51.342071533203125],[33.022705078125,51.34417724609375],[33.01959228515625,51.34820556640625],[33.015716552734375,51.35540771484375],[33.006591796875,51.366241455078125],[33.0020751953125,51.372833251953125],[33.000701904296875,51.3760986328125],[33.0003662109375,51.378509521484375],[33.001617431640625,51.381134033203125],[33.008453369140625,51.391021728515625],[33.0118408203125,51.393951416015625],[33.015411376953125,51.396240234375],[33.02099609375,51.396759033203125],[33.026885986328125,51.396087646484375],[33.03216552734375,51.394775390625],[33.03558349609375,51.392822265625],[33.037261962890625,51.391357421875],[33.038970947265625,51.388946533203125],[33.045806884765625,51.376556396484375],[33.04827880859375,51.3739013671875],[33.051544189453125,51.371368408203125],[33.0557861328125,51.369293212890625],[33.06103515625,51.367767333984375],[33.0672607421875,51.36663818359375],[33.0799560546875,51.3665771484375],[33.101348876953125,51.369354248046875],[33.110870361328125,51.371978759765625],[33.115203857421875,51.37451171875],[33.119384765625,51.377960205078125],[33.122955322265625,51.38421630859375],[33.122802734375,51.389556884765625],[33.121856689453125,51.395416259765625],[33.119537353515625,51.403411865234375],[33.120635986328125,51.40863037109375],[33.12310791015625,51.41265869140625],[33.126678466796875,51.415618896484375],[33.1302490234375,51.419342041015625],[33.130859375,51.4215087890625],[33.12994384765625,51.42413330078125],[33.122650146484375,51.428314208984375],[33.11767578125,51.43316650390625],[33.112884521484375,51.44000244140625],[33.108184814453125,51.45574951171875],[33.108795166015625,51.463104248046875],[33.11163330078125,51.46759033203125],[33.116302490234375,51.469146728515625],[33.121246337890625,51.471221923828125],[33.126068115234375,51.474273681640625],[33.130859375,51.479736328125],[33.131622314453125,51.48394775390625],[33.130859375,51.487823486328125],[33.1217041015625,51.508056640625],[33.122650146484375,51.51031494140625],[33.126220703125,51.51031494140625],[33.155670166015625,51.50054931640625],[33.16253662109375,51.49896240234375],[33.16595458984375,51.49853515625],[33.168731689453125,51.499542236328125],[33.169677734375,51.5],[33.18408203125,51.51202392578125],[33.1868896484375,51.515899658203125],[33.185333251953125,51.518707275390625],[33.182861328125,51.521636962890625],[33.179290771484375,51.524139404296875],[33.159393310546875,51.53533935546875],[33.155517578125,51.539825439453125],[33.152557373046875,51.546234130859375],[33.1510009765625,51.55926513671875],[33.15350341796875,51.565093994140625],[33.15753173828125,51.568603515625],[33.174468994140625,51.57177734375],[33.180511474609375,51.573944091796875],[33.181915283203125,51.576690673828125],[33.181610107421875,51.579620361328125],[33.17913818359375,51.58245849609375],[33.175262451171875,51.584747314453125],[33.17059326171875,51.586822509765625],[33.165740966796875,51.58990478515625],[33.162322998046875,51.594451904296875],[33.157989501953125,51.634613037109375],[33.15643310546875,51.63885498046875],[33.15350341796875,51.64190673828125],[33.14837646484375,51.6429443359375],[33.14263916015625,51.645172119140625],[33.1376953125,51.64886474609375],[33.1348876953125,51.657806396484375],[33.13690185546875,51.66845703125],[33.152679443359375,51.68194580078125],[33.1531982421875,51.693084716796875],[33.098663330078125,51.7271728515625],[33.091583251953125,51.73358154296875],[33.0850830078125,51.7412109375],[33.073486328125,51.7645263671875],[33.068023681640625,51.77197265625],[33.062042236328125,51.79290771484375],[33.07220458984375,51.81646728515625],[33.088897705078125,51.835693359375],[33.102142333984375,51.8436279296875],[33.1214599609375,51.850830078125],[33.131011962890625,51.8662109375],[33.142486572265625,51.88055419921875],[33.16766357421875,51.884613037109375],[33.16766357421875,51.892059326171875],[33.160675048828125,51.904205322265625],[33.180206298828125,51.90777587890625],[33.225067138671875,51.90570068359375],[33.236602783203125,51.90997314453125],[33.27215576171875,51.928741455078125],[33.286834716796875,51.933013916015625],[33.31024169921875,51.93487548828125],[33.366241455078125,51.946685791015625],[33.377044677734375,51.958465576171875],[33.3746337890625,51.968963623046875],[33.359619140625,51.985870361328125],[33.352752685546875,51.98822021484375],[33.353546142578125,51.990814208984375],[33.356475830078125,51.99298095703125],[33.360992431640625,51.99560546875],[33.365631103515625,51.998992919921875],[33.37091064453125,52.005126953125],[33.3729248046875,52.00982666015625],[33.37384033203125,52.0142822265625],[33.373382568359375,52.0469970703125],[33.37554931640625,52.05316162109375],[33.3792724609375,52.056884765625],[33.383758544921875,52.05810546875],[33.388275146484375,52.05810546875],[33.391357421875,52.056243896484375],[33.39373779296875,52.0535888671875],[33.395599365234375,52.050384521484375],[33.39776611328125,52.04754638671875],[33.401641845703125,52.045379638671875],[33.4072265625,52.044403076171875],[33.42010498046875,52.043670654296875],[33.44354248046875,52.045379638671875],[33.464935302734375,52.049072265625],[33.470855712890625,52.05169677734375],[33.476409912109375,52.056243896484375],[33.48309326171875,52.066619873046875],[33.4857177734375,52.07305908203125],[33.486968994140625,52.078460693359375],[33.486358642578125,52.08203125],[33.484649658203125,52.084930419921875],[33.48028564453125,52.086273193359375],[33.449432373046875,52.0875244140625],[33.4439697265625,52.088958740234375],[33.440399169921875,52.091278076171875],[33.43792724609375,52.09417724609375],[33.43621826171875,52.097320556640625],[33.43389892578125,52.100311279296875],[33.430938720703125,52.10296630859375],[33.41961669921875,52.1099853515625],[33.4014892578125,52.1259765625],[33.378662109375,52.13995361328125],[33.373992919921875,52.1419677734375],[33.33038330078125,52.151153564453125],[33.325897216796875,52.152923583984375],[33.323516845703125,52.162322998046875],[33.317840576171875,52.209808349609375],[33.323089599609375,52.221649169921875],[33.3492431640625,52.238311767578125],[33.35943603515625,52.248321533203125],[33.36175537109375,52.255645751953125],[33.364227294921875,52.274200439453125],[33.366241455078125,52.2818603515625],[33.3712158203125,52.288726806640625],[33.384063720703125,52.30035400390625],[33.38671875,52.306671142578125],[33.389495849609375,52.322723388671875],[33.39715576171875,52.339630126953125],[33.40057373046875,52.344329833984375],[33.403656005859375,52.342926025390625],[33.4193115234375,52.33831787109375],[33.43731689453125,52.339141845703125],[33.4517822265625,52.345245361328125],[33.465301513671875,52.35272216796875],[33.480499267578125,52.357757568359375],[33.499420166015625,52.340972900390625],[33.493011474609375,52.303131103515625],[33.51007080078125,52.287506103515625],[33.53167724609375,52.288818359375],[33.600189208984375,52.330780029296875],[33.68792724609375,52.355804443359375],[33.733551025390625,52.3609619140625],[33.7789306640625,52.36004638671875],[33.804046630859375,52.354583740234375],[33.815216064453125,52.345062255859375],[33.8233642578125,52.331451416015625],[33.839080810546875,52.31390380859375],[33.858734130859375,52.302154541015625],[33.90069580078125,52.28582763671875],[33.91949462890625,52.269744873046875],[33.94439697265625,52.23577880859375],[33.957733154296875,52.22467041015625],[34.02191162109375,52.1978759765625],[34.03887939453125,52.18646240234375],[34.05572509765625,52.170318603515625],[34.065338134765625,52.158599853515625],[34.071014404296875,52.148956298828125],[34.0736083984375,52.139556884765625],[34.07391357421875,52.1282958984375],[34.056640625,52.105804443359375],[34.056640625,52.100372314453125],[34.06005859375,52.083160400390625],[34.062530517578125,52.050201416015625],[34.068206787109375,52.031005859375],[34.080322265625,52.01361083984375],[34.10107421875,51.99249267578125],[34.104400634765625,51.97528076171875],[34.096649169921875,51.9605712890625],[34.096221923828125,51.951812744140625],[34.146148681640625,51.95159912109375],[34.166412353515625,51.942230224609375],[34.203399658203125,51.91229248046875],[34.20941162109375,51.908782958984375],[34.222625732421875,51.90313720703125],[34.228424072265625,51.899261474609375],[34.230987548828125,51.89453125],[34.234619140625,51.880706787109375],[34.23419189453125,51.878265380859375],[34.246002197265625,51.875457763671875]]]}}]}